rank,language,name,requests_per_second,description
1,C,"libreactor",3118330,"libreactor [libreactor-server] (libreactor; None on Linux; None on Linux; Raw database connectivity, Micro class; Realistic approach) [Test #1048]"
2,Rust,"may-minihttp",3102062,"may-minihttp [may-minihttp] (Rust; may-minihttp on Linux; Postgres on Linux; Raw database connectivity, Micro class; Realistic approach) [Test #831]"
3,C,"libreactor",3098626,"libreactor [libreactor] (None; None on Linux; None on Linux; Raw database connectivity, Platform class; Realistic approach) [Test #409]"
4,C++,"lithium",3041049,"lithium [lithium] (None; None on Linux; MySQL on Linux; Full ORM; Micro class; Realistic approach) [Test #57]"
5,v,"pico.v",3031805,"pico.v [pico.v] (None; None on Linux; None on Linux; none ORM; Micro class; Realistic approach) [Test #878]"
6,Java,"edap-http-fast",3019148,"edap-http-fast [edap-http-fast] (edap; None on Linux; Postgres on Linux; Raw database connectivity, Platform class; Realistic approach) [Test #1019]"
7,Java,"edap-http",3002791,"edap-http [edap-http] (edap; None on Linux; Postgres on Linux; Raw database connectivity, Platform class; Realistic approach) [Test #1018]"
8,Java,"wizzardo-http",2972955,"wizzardo-http [wizzardo-http] (None; None on Linux; Postgres on Linux; Raw database connectivity, Micro class; Realistic approach) [Test #990]"
9,Java,"firenio-http-lite",2972507,"None [firenio-http-lite] (firenio; None on Linux; None on Linux; none ORM; Platform class; Realistic approach) [Test #732]"
10,Rust,"ntex [raw]",2963471,"ntex [raw] [ntex-plt] (None; ntex on Linux; Postgres on Linux; Raw database connectivity, Platform class; Realistic approach) [Test #1058]"
11,Java,"smart-socket",2948084,"None [smart-socket] (smartboot; None on Linux; Postgres on Linux; Raw database connectivity, Platform class; Realistic approach) [Test #934]"
12,C,"h2o",2923581,"libh2o [h2o] (None; h2o on Linux; Postgres on Linux; Raw database connectivity, Platform class; Realistic approach) [Test #468]"
13,Rust,"ntex [async-std,platform]",2899759,"ntex [async-std,platform] [ntex-plt-compio] (None; ntex on Linux; Postgres on Linux; Raw database connectivity, Platform class; Realistic approach) [Test #1171]"
14,Java,"vertx",2889592,"vert.x [vertx] (vert.x; None on Linux; None on Linux; Raw database connectivity, Platform class; Realistic approach) [Test #222]"
15,Rust,"hyper",2885610,"hyper [hyper] (Rust; hyper on Linux; Postgres on Linux; Raw database connectivity, Micro class; Realistic approach) [Test #350]"
16,JavaScript,"just-js",2868204,"just-js [just] (just-js; None on Linux; Postgres on Linux; Raw database connectivity, Platform class; Realistic approach) [Test #1046]"
17,Java,"firenio",2866762,"None [firenio] (firenio; None on Linux; None on Linux; none ORM; Platform class; Realistic approach) [Test #731]"
18,C++,"ffead-cpp-v-picov",2857764,"ffead-cpp-v-picov [ffead-cpp-v-picov] (None; picov on Linux; Postgres on Linux; Raw database connectivity, Fullstack class; Realistic approach) [Test #1035]"
19,Scala,"otavia",2845223,"otavia [otavia] (otavia; None on Linux; Postgres on Linux; Micro ORM; Micro class; Realistic approach) [Test #1421]"
20,Kotlin,"vertx-web-kotlin-dsljson",2836665,"vertx-web-kotlin-dsljson [vertx-web-kotlin-dsljson] (vert.x; None on Linux; None on Linux; Raw database connectivity, Micro class; Realistic approach) [Test #1463]"
21,Nim,"httpbeast",2808169,"None [httpbeast] (None; None on Linux; None on Linux; none ORM; Platform class; Realistic approach) [Test #774]"
22,Python,"mrhttp",2802615,"MrHTTP [mrhttp] (None; None on Linux; None on Linux; Raw database connectivity, Micro class; Realistic approach) [Test #1417]"
23,Scala,"otavia",2773406,"otavia [otavia-overshoot] (otavia; None on Linux; Postgres on Linux; Micro ORM; Micro class; Realistic approach) [Test #1422]"
24,C++,"ffead-cpp [v-prof]",2771261,"ffead-cpp [v-prof] [ffead-cpp-v-picov-raw-profiled] (None; picov on Linux; Postgres on Linux; Raw database connectivity, Fullstack class; Realistic approach) [Test #1130]"
25,Rust,"ntex",2767355,"ntex [ntex] (None; ntex on Linux; Postgres on Linux; Raw database connectivity, Micro class; Realistic approach) [Test #1056]"
26,C++,"cpoll_cppsp",2759162,"cpoll-cppsp [cpoll_cppsp] (None; None on Linux; None on Linux; Raw database connectivity, Platform class; Realistic approach) [Test #115]"
27,Java,"quarkus, vert.x",2756818,"Quarkus, Vert.x [quarkus-vertx] (vert.x; vert.x on Linux; Postgres on Linux; Raw database connectivity, Micro class; Realistic approach) [Test #1430]"
28,PHP,"workerman",2754243,"workerman [workerman] (workerman; None on Linux; MySQL on Linux; Raw database connectivity, Platform class; Realistic approach) [Test #993]"
29,Java,"rapidoid-http-fast",2747166,"rapidoid-http-fast [rapidoid-http-fast] (Rapidoid; None on Linux; None on Linux; Raw database connectivity, Platform class; Realistic approach) [Test #526]"
30,JavaScript,"uwebsockets.js",2731252,"uWebSockets.js [uwebsockets.js] (nodejs; None on Linux; None on Linux; Raw database connectivity, Platform class; Realistic approach) [Test #1358]"
31,Rust,"xitca-web",2720330,"xitca-web [xitca-web] (None; xitca-server on Linux; Postgres on Linux; Raw database connectivity, Micro class; Realistic approach) [Test #1217]"
32,PHP,"php-ngx",2718420,"php-ngx [php-ngx] (ngx_php; nginx on Linux; None on Linux; Raw database connectivity, Platform class; Realistic approach) [Test #869]"
33,Java,"rapidoid",2714105,"rapidoid [rapidoid] (Rapidoid; None on Linux; None on Linux; Raw database connectivity, Platform class; Realistic approach) [Test #367]"
34,Python,"socketify.py [pypy3]",2711566,"socketify.py [PyPy3] [socketify.py] (None; socketify.py on Linux; None on Linux; Raw database connectivity, Micro class; Realistic approach) [Test #1345]"
35,Java,"voovan",2711547,"voovan [voovan] (voovan; None on Linux; None on Linux; none ORM; Platform class; Realistic approach) [Test #983]"
36,Rust,"axum",2709794,"Axum [axum] (Rust; hyper on Linux; None on Linux; Raw database connectivity, Platform class; Realistic approach) [Test #1109]"
37,Java,"netty",2709586,"netty [netty] (Netty; None on Linux; None on Linux; Raw database connectivity, Platform class; Realistic approach) [Test #30]"
38,Java,"jooby-netty",2705638,"jooby [jooby-netty] (Netty; None on Linux; Postgres on Linux; Raw database connectivity, Fullstack class; Realistic approach) [Test #793]"
39,Rust,"xitca-web [sync]",2697697,"xitca-web [sync] [xitca-web-sync] (None; xitca-server on Linux; Postgres on Linux; Full ORM; Micro class; Realistic approach) [Test #1473]"
40,Rust,"xitca-web [orm]",2692567,"xitca-web [orm] [xitca-web-orm] (None; xitca-server on Linux; Postgres on Linux; Full ORM; Fullstack class; Realistic approach) [Test #1472]"
41,Java,"jooby-mvc",2687394,"jooby [jooby-mvc] (Undertow; None on Linux; Postgres on Linux; Raw database connectivity, Fullstack class; Realistic approach) [Test #791]"
42,Go,"silverlining",2681872,"silverlining [silverlining-prefork] (None; None on Linux; None on Linux; Raw database connectivity, Platform class; Realistic approach) [Test #1194]"
43,Java,"microhttp",2670525,"microhttp [microhttp] (microhttp; None on Linux; None on Linux; none ORM; Platform class; Realistic approach) [Test #1162]"
44,pascal,"mormot [orm]",2666665,"mormot [orm] [mormot] (None; None on Linux; Postgres on Linux; Full ORM; Fullstack class; Realistic approach) [Test #1303]"
45,Scala,"blaze",2661073,"blaze [blaze] (blaze; None on Linux; None on Linux; Raw database connectivity, Micro class; Realistic approach) [Test #496]"
46,Rust,"ntex [db]",2653891,"ntex [db] [ntex-compio] (None; ntex on Linux; Postgres on Linux; Raw database connectivity, Micro class; Realistic approach) [Test #1057]"
47,Kotlin,"kooby",2647071,"kooby: jooby+kotlin [kooby] (Undertow; None on Linux; Postgres on Linux; Raw database connectivity, Fullstack class; Realistic approach) [Test #811]"
48,Java,"smart-servlet",2634539,"smart-servlet [smart-socket-smart-servlet] (smartboot; None on Linux; Postgres on Linux; Raw database connectivity, Platform class; Realistic approach) [Test #1076]"
49,Scala,"scalene",2634406,"scalene [scalene] (None; None on Linux; Postgres on Linux; Raw database connectivity, Micro class; Realistic approach) [Test #925]"
50,Java,"vertx-web",2632083,"vertx-web [vertx-web] (vert.x; None on Linux; None on Linux; Raw database connectivity, Micro class; Realistic approach) [Test #425]"
51,Java,"activej",2627329,"activej [activej] (activej; None on Linux; None on none; none ORM; Micro class; Realistic approach) [Test #1094]"
52,PHP,"webman",2616793,"webman [webman] (workerman; None on Linux; Postgres on Linux; Raw database connectivity, Micro class; Realistic approach) [Test #1092]"
53,Nim,"jester",2604675,"jester [jester] (None; None on Linux; None on Linux; none ORM; Micro class; Realistic approach) [Test #133]"
54,Java,"proteus",2601174,"proteus [proteus] (Undertow; None on Linux; Postgres on Linux; Raw database connectivity, Micro class; Realistic approach) [Test #894]"
55,Lua,"openresty",2599008,"openresty [openresty] (OpenResty; nginx on Linux; MySQL on Linux; Raw database connectivity, Platform class; Realistic approach) [Test #50]"
56,PHP,"mark-php8-jit",2589951,"mark-php8-jit [mark] (workerman; None on Linux; None on Linux; Raw database connectivity, Micro class; Realistic approach) [Test #1160]"
57,PHP,"workerman",2588238,"workerman [workerman-without-jit] (workerman; None on Linux; MySQL on Linux; Raw database connectivity, Platform class; Realistic approach) [Test #1471]"
58,Java,"inverno",2579842,"inverno [inverno] (inverno; None on Linux; None on Linux; Micro ORM; Micro class; Realistic approach) [Test #1150]"
59,PHP,"simps",2559387,"simps [simps] (swoole; None on Linux; MySQL on Linux; Raw database connectivity, Micro class; Realistic approach) [Test #932]"
60,C#,"aspnetcore-aot",2556896,"asp.net core [aspnetcore-aot] (.NET; kestrel on Linux; Postgres on Linux; Raw database connectivity, Platform class; Realistic approach) [Test #611]"
61,Java,"officefloor-r2dbc",2550592,"officefloor [officefloor-r2dbc] (officefloor; woof on Linux; Postgres on Linux; Raw database connectivity, Platform class; Realistic approach) [Test #855]"
62,C#,"aspnetcore",2546481,"asp.net core [aspnetcore] (.NET; kestrel on Linux; Postgres on Linux; Raw database connectivity, Platform class; Realistic approach) [Test #598]"
63,Go,"fasthttp-prefork",2545983,"None [fasthttp-prefork] (None; None on Linux; Postgres on Linux; Raw database connectivity, Platform class; Realistic approach) [Test #643]"
64,Java,"officefloor-sqlclient",2523738,"OfficeFloor-sqlclient [officefloor-sqlclient] (officefloor; woof on Linux; Postgres on Linux; Raw database connectivity, Platform class; Realistic approach) [Test #1172]"
65,Clojure,"reitit",2523363,"reitit [reitit] (Undertow; None on Linux; None on Linux; Raw database connectivity, Micro class; Realistic approach) [Test #910]"
66,Java,"officefloor-async",2521419,"OfficeFloor-async [officefloor-rawsqlclient] (officefloor; woof on Linux; Postgres on Linux; Raw database connectivity, Platform class; Realistic approach) [Test #1060]"
67,Go,"atreugo-prefork",2521175,"atreugo [atreugo-prefork] (None; None on Linux; Postgres on Linux; Raw database connectivity, Platform class; Realistic approach) [Test #646]"
68,Kotlin,"vertx-web-kotlinx",2509823,"vertx-web-kotlinx [vertx-web-kotlinx] (vert.x; None on Linux; None on Linux; Raw database connectivity, Micro class; Realistic approach) [Test #1464]"
69,Java,"quarkus, postgresql",2505229,"Quarkus, PostgreSQL [quarkus-reactive-routes-pgclient] (vert.x; vert.x on Linux; Postgres on Linux; Raw database connectivity, Fullstack class; Realistic approach) [Test #1429]"
70,Go,"ronykit",2503885,"RonyKIT [ronykit-prefork] (None; None on Linux; None on none; Raw database connectivity, Platform class; Realistic approach) [Test #1337]"
71,Go,"fiber-prefork",2479768,"fiber [fiber-prefork] (None; None on Linux; Postgres on Linux; Raw database connectivity, Platform class; Realistic approach) [Test #730]"
72,C++,"drogon",2474349,"drogon [drogon] (None; None on Linux; Postgres on Linux; Micro ORM; Fullstack class; Realistic approach) [Test #688]"
73,PHP,"swoole",2465399,"swoole [swoole] (swoole; None on Linux; MySQL on Linux; Raw database connectivity, Platform class; Realistic approach) [Test #949]"
74,Java,"quarkus",2457422,"quarkus [quarkus] (resteasy reactive; vert.x on Linux; Postgres on Linux; Full ORM; Fullstack class; Realistic approach) [Test #897]"
75,JavaScript,"mesh",2449534,"Mesh [mesh] (nodejs; None on Linux; None on Linux; Raw database connectivity, Platform class; Realistic approach) [Test #1413]"
76,Go,"gearbox",2441834,"Gearbox [gearbox-prefork] (None; None on Linux; Postgres on Linux; Raw database connectivity, Platform class; Realistic approach) [Test #1038]"
77,Java,"quarkus resteasy reactive + hibernate",2439679,"Quarkus RESTEasy Reactive + Hibernate [quarkus-hibernate-reactive] (resteasy reactive; vert.x on Linux; Postgres on Linux; Full ORM; Fullstack class; Realistic approach) [Test #1073]"
78,C,"lwan",2423414,"lwan [lwan] (Lwan; lwan on Linux; MySQL on Linux; Raw database connectivity, Micro class; Realistic approach) [Test #276]"
79,Go,"goravel fiber",2361155,"Goravel Fiber [goravel-fiber] (None; None on Linux; Postgres on Linux; Full ORM; Fullstack class; Realistic approach) [Test #1387]"
80,Python,"fastwsgi",2349504,"FastWSGI [fastwsgi] (wsgi; fastwsgi on Linux; None on Linux; Raw database connectivity, Micro class; Realistic approach) [Test #1252]"
81,C#,"beetlex-core",2316553,"beetlex [beetlex-core] (.NET; beetlex on Linux; Postgres on Linux; Raw database connectivity, Platform class; Realistic approach) [Test #652]"
82,Java,"solon",2305901,"solon [solon] (solon; smarthttp on Linux; Postgres on Linux; Micro ORM; Fullstack class; Realistic approach) [Test #1351]"
83,JavaScript,"hyperexpress",2254278,"hyperexpress [hyperexpress] (nodejs; µws on Linux; None on Linux; Raw database connectivity, Micro class; Realistic approach) [Test #1277]"
84,Java,"revenj-jvm",2245219,"Revenj.JVM [revenj-jvm] (Servlet; Resin on Linux; Postgres on Linux; Full ORM; Fullstack class; Realistic approach) [Test #430]"
85,C++,"oatpp-no-mp",2245087,"oatpp [oatpp-no-mp] (None; None on Linux; None on Linux; Raw database connectivity, Micro class; Realistic approach) [Test #852]"
86,Java,"helidon 4",2233345,"Helidon 4 [helidon-nima] (None; None on Linux; Postgres on Linux; Raw database connectivity, Micro class; Realistic approach) [Test #1261]"
87,Perl,"feersum",2232452,"feersum [feersum-mysql] (None; feersum on Linux; MySQL on Linux; Raw database connectivity, Platform class; Realistic approach) [Test #1385]"
88,Perl,"feersum",2230619,"feersum [feersum] (None; feersum on Linux; Postgres on Linux; Raw database connectivity, Platform class; Realistic approach) [Test #1384]"
89,Scala,"zio-http",2222013,"zio-http [zio-http] (Netty; None on Linux; None on Linux; Raw database connectivity, Micro class; Realistic approach) [Test #1220]"
90,Java,"servlet",2203565,"None [servlet] (Servlet; Resin on Linux; None on Linux; Raw database connectivity, Platform class; Realistic approach) [Test #18]"
91,Java,"jooby-jetty",2193839,"jooby [jooby-jetty] (Jetty; None on Linux; Postgres on Linux; Raw database connectivity, Fullstack class; Realistic approach) [Test #792]"
92,C,"facil.io",2127477,"facil.io [facil.io] (None; None on Linux; None on Linux; Raw database connectivity, Micro class; Realistic approach) [Test #709]"
93,f#,"oxpecker",2120258,"Oxpecker [oxpecker] (.NET; kestrel on Linux; Postgres on Linux; Raw database connectivity, Micro class; Realistic approach) [Test #1423]"
94,Python,"socketify.py",2114135,"socketify.py [socketify.py-python3] (None; socketify.py-python3 on Linux; None on Linux; Raw database connectivity, Micro class; Realistic approach) [Test #1348]"
95,C++,"cutelyst-pico",2108232,"cutelyst-pico [cutelyst-thread-pico] (cutelystwsgi; None on Linux; None on Linux; Raw database connectivity, Fullstack class; Realistic approach) [Test #1119]"
96,typescript,"bun",2097129,"bun [bun] (bun; None on Linux; None on Linux; none ORM; Platform class; Realistic approach) [Test #1228]"
97,C,"nginx-njs",2096981,"Nginx-njs [nginx-njs] (None; nginx on Linux; None on Linux; Raw database connectivity, Platform class; Realistic approach) [Test #1308]"
98,Rust,"salvo",2089153,"Salvo [salvo] (Rust; hyper on Linux; None on Linux; Micro ORM; Micro class; Realistic approach) [Test #1188]"
99,Python,"japronto",2087286,"japronto [japronto] (None; None on Linux; None on Linux; Raw database connectivity, Micro class; Realistic approach) [Test #786]"
100,Clojure,"donkey",2071538,"Donkey [donkey] (vert.x; None on Linux; None on Linux; none ORM; Micro class; Realistic approach) [Test #1016]"
101,PHP,"ubiquity-ngx-micro",2063451,"ubiquity-ngx-micro [ubiquity-ngx-micro] (ngx_php; nginx on Linux; None on Linux; none ORM; Micro class; Realistic approach) [Test #1205]"
102,Lua,"lwan-lua",2055710,"lwan [lwan-lua] (Lwan; lwan on Linux; MySQL on Linux; Raw database connectivity, Micro class; Realistic approach) [Test #828]"
103,ocaml,"httpaf",2055443,"httpaf [httpaf] (httpaf; None on Linux; None on Linux; none ORM; Platform class; Realistic approach) [Test #1044]"
104,C#,"asp.net core [minimal apis, pg, dapper]",2051573,"ASP.NET Core [Minimal APIs, Pg, Dapper] [aspnetcore-minimal] (.NET; kestrel on Linux; Postgres on Linux; Micro ORM; Micro class; Realistic approach) [Test #1369]"
105,PHP,"open swoole",2049653,"Open Swoole [openswoole] (openswoole; None on Linux; MySQL on Linux; Raw database connectivity, Platform class; Realistic approach) [Test #1176]"
106,C++,"oatpp",2043871,"oatpp [oatpp] (None; None on Linux; None on Linux; Raw database connectivity, Micro class; Realistic approach) [Test #849]"
107,Java,"act",2018596,"actframework [act] (Undertow; None on Linux; None on Linux; Full ORM; Fullstack class; Realistic approach) [Test #489]"
108,Scala,"vertx-web-scala",2015332,"vertx-web [vertx-web-scala] (vert.x; None on Linux; Postgres on Linux; Raw database connectivity, Micro class; Realistic approach) [Test #978]"
109,Java,"grizzly",1991263,"grizzly [grizzly] (Servlet; grizzly on Linux; None on Linux; Raw database connectivity, Micro class; Realistic approach) [Test #174]"
110,C++,"cutelyst-thread",1988829,"cutelyst [cutelyst-thread] (cutelystwsgi; None on Linux; None on Linux; Raw database connectivity, Fullstack class; Realistic approach) [Test #497]"
111,Python,"socketify.py [wsgi pypy3]",1968495,"socketify.py [WSGI PyPy3] [socketify.py-wsgi] (None; socketify.py-wsgi on Linux; None on Linux; Raw database connectivity, Micro class; Realistic approach) [Test #1349]"
112,PHP,"php-workerman",1961137,"php-workerman [php-workerman] (workerman; None on Linux; MySQL on Linux; Raw database connectivity, Platform class; Realistic approach) [Test #1315]"
113,C#,"appmpower [middleware]",1955131,"appMpower [Middleware] [appmpower] (.NET; kestrel on Linux; None on Linux; Raw database connectivity, Platform class; Realistic approach) [Test #1102]"
114,Ruby,"h2o_mruby",1927148,"None [h2o_mruby] (None; h2o on Linux; None on Linux; Raw database connectivity, Platform class; Realistic approach) [Test #757]"
115,C++,"ltio",1910603,"ltio [ltio] (None; None on Linux; None on Linux; none ORM; Platform class; Realistic approach) [Test #1158]"
116,Crystal,"crystal",1851758,"None [crystal] (None; None on Linux; Postgres on Linux; Raw database connectivity, Platform class; Realistic approach) [Test #337]"
117,typescript,"elysia",1837294,"Elysia [elysia] (bun; None on Linux; None on Linux; none ORM; Micro class; Realistic approach) [Test #1236]"
118,Java,"hserver",1820270,"hserver [hserver] (hserver; hserver on Linux; Postgres on Linux; Full ORM; Fullstack class; Realistic approach) [Test #1140]"
119,typescript,"elysia [postgresql]",1815583,"Elysia [PostgreSQL] [elysia-compiled] (bun; None on Linux; Postgres on Linux; Raw database connectivity, Micro class; Realistic approach) [Test #1237]"
120,C#,"reaper [aot,slim]",1810411,"Reaper [aot,slim] [reaper] (.NET; kestrel on Linux; None on Linux; none ORM; Micro class; Realistic approach) [Test #1438]"
121,typescript,"deno",1806460,"deno [deno] (deno; None on Linux; None on Linux; none ORM; Platform class; Realistic approach) [Test #1015]"
122,Crystal,"crystal-radix",1780679,"None [crystal-radix] (None; None on Linux; Postgres on Linux; Raw database connectivity, Platform class; Realistic approach) [Test #673]"
123,PHP,"ubiquity-swoole",1764692,"ubiquity [ubiquity-swoole] (swoole; None on Linux; Postgres on Linux; Full ORM; Fullstack class; Realistic approach) [Test #965]"
124,Go,"silverlining",1759583,"silverlining [silverlining] (None; None on Linux; None on Linux; Raw database connectivity, Platform class; Realistic approach) [Test #1193]"
125,PHP,"kumbiaphp-workerman",1742710,"kumbiaphp [kumbiaphp-workerman] (workerman; None on Linux; Postgres on Linux; Raw database connectivity, Fullstack class; Realistic approach) [Test #818]"
126,Python,"vibora",1740575,"vibora [vibora] (None; None on Linux; Postgres on Linux; Full ORM; Platform class; Realistic approach) [Test #982]"
127,C++,"oatpp-async-no-mp",1718121,"oatpp [oatpp-async-no-mp] (None; None on Linux; None on Linux; Raw database connectivity, Micro class; Realistic approach) [Test #851]"
128,PHP,"ubiquity-ngx",1716303,"ubiquity-ngx [ubiquity-ngx] (ngx_php; nginx on Linux; Postgres on Linux; Full ORM; Fullstack class; Realistic approach) [Test #1082]"
129,f#,"zebra",1698764,"zebra [zebra] (.NET; kestrel on Linux; Postgres on Linux; Raw database connectivity, Fullstack class; Realistic approach) [Test #998]"
130,vb,"aspcore-vb-mw",1696869,"asp.net core [aspcore-vb-mw] (.NET; kestrel on Linux; None on Linux; Raw database connectivity, Micro class; Realistic approach) [Test #634]"
131,f#,"zebra-simple",1695632,"zebra [zebra-simple] (.NET; kestrel on Linux; None on Linux; Raw database connectivity, Micro class; Realistic approach) [Test #999]"
132,f#,"giraffe",1688357,"giraffe [giraffe] (.NET; kestrel on Linux; Postgres on Linux; Micro ORM; Fullstack class; Realistic approach) [Test #736]"
133,JavaScript,"ultimate-express",1672898,"ultimate-express [ultimate-express] (nodejs; µws on Linux; None on Linux; Raw database connectivity, Micro class; Realistic approach) [Test #1457]"
134,f#,"falco, donald",1662104,"Falco, Donald [falco] (.NET; kestrel on Linux; Postgres on Linux; Micro ORM; Micro class; Realistic approach) [Test #1021]"
135,Python,"falcon [socketify.py wsgi pypy3]",1644135,"Falcon [socketify.py WSGI PyPy3] [falcon-socketify-wsgi-pypy3] (wsgi; socketify.py on Linux; Postgres on Linux; Full ORM; Micro class; Realistic approach) [Test #1243]"
136,f#,"giraffe-newtonsoft",1640097,"giraffe [giraffe-newtonsoft] (.NET; kestrel on Linux; None on Linux; Raw database connectivity, Micro class; Realistic approach) [Test #738]"
137,Go,"ronykit",1639333,"RonyKIT [ronykit] (None; None on Linux; None on none; Raw database connectivity, Platform class; Realistic approach) [Test #1336]"
138,C++,"oatpp-async",1623354,"oatpp [oatpp-async] (None; None on Linux; None on Linux; Raw database connectivity, Micro class; Realistic approach) [Test #850]"
139,C#,"fastendpoints",1614928,"FastEndpoints [fastendpoints] (.NET; kestrel on Linux; None on Linux; Raw database connectivity, Micro class; Realistic approach) [Test #1128]"
140,Crystal,"kemal",1614263,"kemal [kemal] (None; None on Linux; Postgres on Linux; Micro ORM; Fullstack class; Realistic approach) [Test #472]"
141,f#,"frank, dapper",1609016,"Frank, Dapper [frank] (.NET; kestrel on Linux; Postgres on Linux; Micro ORM; Micro class; Realistic approach) [Test #1036]"
142,PHP,"ubiquity-workerman-raw",1608469,"ubiquity-workerman-raw [ubiquity-workerman-raw] (workerman; None on Linux; Postgres on Linux; Raw database connectivity, Fullstack class; Realistic approach) [Test #1206]"
143,Go,"go-pgx-prefork",1607374,"go-std [go-pgx-prefork] (None; None on Linux; Postgres on Linux; Raw database connectivity, Platform class; Realistic approach) [Test #648]"
144,PHP,"mixphp-swoole-mysql",1602335,"mixphp-swoole-mysql [mixphp-swoole-mysql] (swoole; None on Linux; MySQL on Linux; Micro ORM; Fullstack class; Realistic approach) [Test #1165]"
145,Python,"socketify.py [asgi pypy3]",1595362,"socketify.py [ASGI PyPy3] [socketify.py-asgi] (None; socketify.py-asgi on Linux; None on Linux; Raw database connectivity, Micro class; Realistic approach) [Test #1346]"
146,Go,"go-pgx-prefork-easyjson",1594674,"go-std [go-pgx-prefork-easyjson] (None; None on Linux; Postgres on Linux; Raw database connectivity, Platform class; Realistic approach) [Test #649]"
147,Kotlin,"hexagon nima pgclient",1592970,"Hexagon Nima PgClient [hexagon-helidon-pgclient] (helidon; None on Linux; Postgres on Linux; Raw database connectivity, Micro class; Realistic approach) [Test #1269]"
148,Crystal,"amber",1548190,"amber [amber] (None; None on Linux; Postgres on Linux; Full ORM; Fullstack class; Realistic approach) [Test #588]"
149,C#,"genhttp",1524065,"genhttp [genhttp] (.NET; kestrel on Linux; Postgres on Linux; Raw database connectivity, Fullstack class; Realistic approach) [Test #734]"
150,C#,"netcoreserver",1500709,"NetCoreServer [netcoreserver] (.NET; netcoreserver on Linux; None on Linux; Raw database connectivity, Fullstack class; Realistic approach) [Test #1168]"
151,PHP,"ripple",1492628,"ripple [ripple] (ripple; None on Linux; MySQL on Linux; Raw database connectivity, Fullstack class; Realistic approach) [Test #1439]"
152,PHP,"one-no-coroutine",1478794,"one-no-coroutine [one-no-coroutine] (swoole; None on Linux; MySQL on Linux; Full ORM; Fullstack class; Realistic approach) [Test #1175]"
153,Kotlin,"hexagon netty epoll postgresql",1472608,"Hexagon Netty Epoll PostgreSQL [hexagon-nettyepoll-pgclient] (Netty; None on Linux; Postgres on Linux; Raw database connectivity, Micro class; Realistic approach) [Test #1138]"
154,Kotlin,"hexagon netty postgresql",1472088,"Hexagon Netty PostgreSQL [hexagon-nettyepoll] (Netty; None on Linux; Postgres on Linux; Raw database connectivity, Micro class; Realistic approach) [Test #1137]"
155,Java,"micronaut",1468052,"micronaut [micronaut] (Netty; netty on Linux; Postgres on Linux; Raw database connectivity, Micro class; Realistic approach) [Test #832]"
156,C#,"sisk framework (cadente)",1467534,"Sisk Framework (Cadente) [sisk-cadente] (.NET; cadente on Linux; None on Linux; Raw database connectivity, Platform class; Realistic approach) [Test #1446]"
157,PHP,"one",1444733,"one [one] (swoole; None on Linux; MySQL on Linux; Full ORM; Fullstack class; Realistic approach) [Test #1062]"
158,JavaScript,"es4x",1438464,"es4x [es4x] (vert.x; None on Linux; Postgres on Linux; Raw database connectivity, Micro class; Realistic approach) [Test #700]"
159,JavaScript,"elide",1432561,"elide [elide] (elide; None on Linux; None on Linux; none ORM; Platform class; Realistic approach) [Test #1379]"
160,PHP,"mixphp-workerman-pgsql",1432503,"mixphp-workerman-pgsql [mixphp-workerman-pgsql] (workerman; None on Linux; Postgres on Linux; Raw database connectivity, Fullstack class; Realistic approach) [Test #1167]"
161,Java,"greenlightning",1415936,"greenlightning [greenlightning] (None; None on Linux; Postgres on Linux; Raw database connectivity, Micro class; Realistic approach) [Test #754]"
162,Python,"granian [wsgi]",1411293,"granian [wsgi] [granian-wsgi] (None; granian on Linux; Postgres on Linux; Raw database connectivity, Platform class; Realistic approach) [Test #1260]"
163,Ruby,"rack-iodine-mri-sequel-raw",1401095,"rack-iodine-mri-sequel-raw [rack-iodine] (mri; iodine on Linux; Postgres on Linux; Raw database connectivity, Micro class; Realistic approach) [Test #1431]"
164,Kotlin,"hexagon nima postgresql",1397743,"Hexagon Nima PostgreSQL [hexagon-helidon] (helidon; None on Linux; Postgres on Linux; Raw database connectivity, Micro class; Realistic approach) [Test #1267]"
165,C#,"asp.net core",1395555,"ASP.NET Core [ben] (.NET; kestrel on Linux; Postgres on Linux; Micro ORM; Micro class; Realistic approach) [Test #1006]"
166,JavaScript,"spliffy",1346356,"spliffy [spliffy] (nodejs; µws on Linux; None on Linux; Raw database connectivity, Micro class; Realistic approach) [Test #1195]"
167,Java,"blade",1334087,"blade [blade] (None; None on Linux; MySQL on Linux; Full ORM; Fullstack class; Realistic approach) [Test #655]"
168,Crystal,"lucky",1328289,"Lucky [lucky] (None; None on Linux; Postgres on Linux; Full ORM; Fullstack class; Realistic approach) [Test #1050]"
169,C#,"zysocket-v",1318412,"zysocket-v [zysocket-v] (.NET; zysocket-v on Linux; Postgres on Linux; Raw database connectivity, Fullstack class; Realistic approach) [Test #1000]"
170,Scala,"finch",1291516,"finch [finch] (Netty; None on Linux; None on Linux; Raw database connectivity, Micro class; Realistic approach) [Test #342]"
171,Java,"spring-webflux-mongo",1289658,"spring-webflux-mongo [spring-webflux-mongo] (Netty; None on Linux; MongoDB on Linux; Full ORM; Fullstack class; Realistic approach) [Test #1450]"
172,Java,"spring-webflux-r2dbc",1286695,"spring-webflux-r2dbc [spring-webflux] (Netty; None on Linux; Postgres on Linux; Micro ORM; Fullstack class; Realistic approach) [Test #1449]"
173,C#,"aspnetcore-mvc",1274744,"asp.net core [mvc] [aspnetcore-mvc] (.NET; kestrel on Linux; Postgres on Linux; Full ORM; Fullstack class; Realistic approach) [Test #603]"
174,Java,"jetty",1273510,"None [jetty] (Jetty; None on Linux; None on Linux; Raw database connectivity, Platform class; Realistic approach) [Test #227]"
175,Java,"hserver-business",1272960,"hserver-business [hserver-business] (hserver-business; hserver-business on Linux; Postgres on Linux; Full ORM; Fullstack class; Realistic approach) [Test #1392]"
176,Java,"javalin",1269832,"javalin [javalin] (Jetty; None on Linux; None on Linux; Raw database connectivity, Micro class; Realistic approach) [Test #787]"
177,JavaScript,"velocy",1246916,"velocy [velocy] (nodejs; None on Linux; None on none; none ORM; Micro class; Realistic approach) [Test #1360]"
178,typescript,"ditsmod-bun v3.0",1240463,"ditsmod-bun v3.0 [ditsmod-bun] (bun; None on Linux; None on Linux; none ORM; Micro class; Realistic approach) [Test #1375]"
179,Java,"gemini",1218895,"gemini [gemini] (Servlet; Resin on Linux; None on Linux; Micro ORM; Fullstack class; Realistic approach) [Test #0]"
180,Python,"granian [rsgi]",1212765,"granian [rsgi] [granian-rsgi] (None; granian on Linux; Postgres on Linux; Raw database connectivity, Platform class; Realistic approach) [Test #1136]"
181,Python,"granian [rsgi wrk]",1211032,"granian [rsgi wrk] [granian-wrk] (None; granian on Linux; Postgres on Linux; Raw database connectivity, Platform class; Realistic approach) [Test #1259]"
182,Ruby,"roda-sequel-postgres-iodine-mri",1205366,"roda-sequel-postgres-iodine-mri [roda-sequel-postgres-iodine-mri] (Rack; iodine on Linux; Postgres on Linux; Full ORM; Micro class; Realistic approach) [Test #1441]"
183,Java,"jetty-servlet",1204904,"None [jetty-servlet] (Jetty; None on Linux; None on Linux; Raw database connectivity, Platform class; Realistic approach) [Test #789]"
184,Scala,"finatra",1191989,"finatra [finatra] (Netty; None on Linux; None on Linux; Raw database connectivity, Micro class; Realistic approach) [Test #464]"
185,C++,"treefrog-epoll",1191674,"treefrog [treefrog-epoll] (None; None on Linux; Postgres on Linux; Micro ORM; Fullstack class; Realistic approach) [Test #483]"
186,Go,"goframe",1187255,"goframe [goframe] (None; None on Linux; Postgres on Linux; Raw database connectivity, Platform class; Realistic approach) [Test #751]"
187,Java,"officefloor-thread_affinity",1177727,"OfficeFloor-thread_affinity [officefloor-thread_affinity] (officefloor; woof on Linux; Postgres on Linux; Raw database connectivity, Fullstack class; Realistic approach) [Test #1173]"
188,Scala,"finagle",1169575,"finagle [finagle] (Netty; None on Linux; None on Linux; Raw database connectivity, Micro class; Realistic approach) [Test #44]"
189,C#,"easyrpc",1169270,"easyrpc [easyrpc] (.NET; kestrel on Linux; Postgres on Linux; Raw database connectivity, Fullstack class; Realistic approach) [Test #696]"
190,Python,"fastwsgi [asgi]",1166634,"FastWSGI [ASGI] [fastwsgi-asgi] (asgi; fastwsgi on Linux; Postgres on Linux; Raw database connectivity, Micro class; Realistic approach) [Test #1253]"
191,Kotlin,"http4k-netty",1164019,"http4k [http4k-netty] (Netty; None on Linux; Postgres on Linux; Raw database connectivity, Micro class; Realistic approach) [Test #772]"
192,Java,"jlhttp",1159484,"None [jlhttp] (JLHTTP; None on Linux; None on Linux; Raw database connectivity, Platform class; Realistic approach) [Test #470]"
193,Java,"simple-server",1154016,"simple-server [simple-server] (Netty; None on Linux; Postgres on Linux; Raw database connectivity, Micro class; Realistic approach) [Test #931]"
194,JavaScript,"restana",1148940,"restana [restana] (nodejs; None on Linux; None on Linux; Raw database connectivity, Platform class; Realistic approach) [Test #914]"
195,JavaScript,"nodejs",1147305,"nodejs [nodejs] (nodejs; None on Linux; Postgres on Linux; Raw database connectivity, Platform class; Realistic approach) [Test #8]"
196,Python,"falcon [socketify.py asgi pypy3]",1110700,"Falcon [socketify.py ASGI PyPy3] [falcon-socketify-asgi-pypy3] (asgi; socketify.py on Linux; Postgres on Linux; Full ORM; Micro class; Realistic approach) [Test #1241]"
197,Swift,"swift-nio",1089033,"None [swift-nio] (None; None on Linux; None on Linux; Raw database connectivity, Platform class; Realistic approach) [Test #948]"
198,Kotlin,"http4k-ratpack",1084925,"http4k [http4k-ratpack] (Netty; None on Linux; Postgres on Linux; Raw database connectivity, Micro class; Realistic approach) [Test #1043]"
199,C#,"aspcore-mono",1083492,"asp.net core [aspcore-mono] (.NET; kestrel on Linux; None on Linux; Raw database connectivity, Platform class; Realistic approach) [Test #595]"
200,Nim,"prologue",1077002,"Prologue [prologue] (None; None on Linux; None on Linux; Raw database connectivity, Fullstack class; Realistic approach) [Test #1070]"
201,Ruby,"agoo",1056748,"rack [agoo] (Rack; agoo on Linux; Postgres on Linux; Raw database connectivity, Micro class; Realistic approach) [Test #586]"
202,Go,"hertz",1028233,"hertz [hertz] (None; None on Linux; Postgres on Linux; Raw database connectivity, Micro class; Realistic approach) [Test #1262]"
203,Python,"socketify.py [wsgi]",1020954,"socketify.py [WSGI] [socketify.py-wsgi-python3] (None; socketify.py-wsgi on Linux; None on Linux; Raw database connectivity, Micro class; Realistic approach) [Test #1350]"
204,Python,"granian [asgi]",1011292,"granian [asgi] [granian] (None; granian on Linux; Postgres on Linux; Raw database connectivity, Platform class; Realistic approach) [Test #1135]"
205,typescript,"ditsmod",1009730,"Ditsmod [ditsmod] (nodejs; None on Linux; None on Linux; none ORM; Micro class; Realistic approach) [Test #1230]"
206,PHP,"peachpie",992185,"peachpie [peachpie] (.NET; kestrel on Linux; MySQL on Linux; Raw database connectivity, Platform class; Realistic approach) [Test #1068]"
207,Python,"falcon [fastwsgi]",980597,"Falcon [FastWSGI] [falcon-fastwsgi] (wsgi; fastwsgi on Linux; Postgres on Linux; Full ORM; Micro class; Realistic approach) [Test #1239]"
208,Go,"chi-gojay-prefork",968546,"chi [chi-gojay-prefork] (None; None on Linux; MySQL on Linux; Raw database connectivity, Micro class; Realistic approach) [Test #661]"
209,Lua,"lapis",962299,"lapis [lapis] (OpenResty; nginx on Linux; Postgres on Linux; Full ORM; Fullstack class; Realistic approach) [Test #177]"
210,Go,"chi-sjson-prefork",955729,"chi [chi-sjson-prefork] (None; None on Linux; MySQL on Linux; Raw database connectivity, Micro class; Realistic approach) [Test #665]"
211,Kotlin,"hexagon",942034,"Hexagon [hexagon] (Servlet; None on Linux; Postgres on Linux; Raw database connectivity, Micro class; Realistic approach) [Test #469]"
212,Kotlin,"http4k-apache4",931313,"http4k [http4k-apache4] (apache-httpcore; None on Linux; Postgres on Linux; Raw database connectivity, Micro class; Realistic approach) [Test #1040]"
213,Kotlin,"http4k-jetty11loom-pgclient",927592,"http4k [http4k-jetty11loom-pgclient] (jetty11-loom-pgclient; None on Linux; Postgres on Linux; Raw database connectivity, Micro class; Realistic approach) [Test #1396]"
214,Java,"helidon",924355,"helidon [helidon] (Netty; None on Linux; Postgres on Linux; Raw database connectivity, Micro class; Realistic approach) [Test #764]"
215,Kotlin,"http4k-jettyloom-jdbc",918432,"http4k [http4k-jettyloom-jdbc] (jetty-loom-jdbc; None on Linux; Postgres on Linux; Raw database connectivity, Micro class; Realistic approach) [Test #1274]"
216,PHP,"imi",913201,"imi [imi] (swoole; None on Linux; MySQL on Linux; Full ORM; Fullstack class; Realistic approach) [Test #783]"
217,Python,"falcon [meinheld-orjson]",903324,"Falcon [Meinheld-Orjson] [falcon-orjson] (wsgi; Meinheld on Linux; Postgres on Linux; Full ORM; Micro class; Realistic approach) [Test #1125]"
218,Go,"goravel gin",898172,"Goravel Gin [goravel] (None; None on Linux; Postgres on Linux; Full ORM; Fullstack class; Realistic approach) [Test #1386]"
219,Kotlin,"http4k-jettyloom-pgclient",897551,"http4k [http4k-jettyloom-pgclient] (jetty-loom-pgclient; None on Linux; Postgres on Linux; Raw database connectivity, Micro class; Realistic approach) [Test #1275]"
220,Kotlin,"http4k-jetty11loom-jdbc",897137,"http4k [http4k-jetty11loom-jdbc] (jetty11-loom-jdbc; None on Linux; Postgres on Linux; Raw database connectivity, Micro class; Realistic approach) [Test #1395]"
221,Rust,"viz",884917,"Viz [viz] (Rust; hyper on Linux; None on Linux; Raw database connectivity, Platform class; Realistic approach) [Test #1362]"
222,Rust,"saphir",880698,"saphir [saphir] (None; None on Linux; MongoDB on Linux; Raw database connectivity, Micro class; Realistic approach) [Test #924]"
223,Go,"kami",871624,"kami [kami] (None; None on Linux; MySQL on Linux; Raw database connectivity, Micro class; Realistic approach) [Test #471]"
224,Kotlin,"http4k-jetty",867558,"http4k [http4k-jetty] (Jetty; None on Linux; Postgres on Linux; Raw database connectivity, Micro class; Realistic approach) [Test #1041]"
225,Kotlin,"http4k-jetty11",858760,"http4k [http4k-jetty11] (jetty11; None on Linux; Postgres on Linux; Raw database connectivity, Micro class; Realistic approach) [Test #1394]"
226,Go,"echo",855437,"echo [echo] (None; None on Linux; Postgres on Linux; Raw database connectivity, Micro class; Realistic approach) [Test #398]"
227,Python,"uvicorn",850173,"uvicorn [uvicorn] (None; None on Linux; Postgres on Linux; Raw database connectivity, Platform class; Realistic approach) [Test #1207]"
228,JavaScript,"fastify",844960,"fastify [fastify] (nodejs; None on Linux; None on Linux; Raw database connectivity, Micro class; Realistic approach) [Test #722]"
229,Rust,"ohkami",840125,"ohkami [ohkami] (None; ohkami on Linux; Postgres on Linux; Raw database connectivity, Micro class; Realistic approach) [Test #1309]"
230,Java,"armeria",837645,"armeria [armeria] (Netty; None on Linux; Postgres on Linux; Raw database connectivity, Micro class; Realistic approach) [Test #594]"
231,Python,"socketify.py [asgi]",834503,"socketify.py [ASGI] [socketify.py-asgi-python3] (None; socketify.py-asgi on Linux; None on Linux; Raw database connectivity, Micro class; Realistic approach) [Test #1347]"
232,Ur,"urweb",827637,"urweb [urweb] (Ur/Web; None on Linux; Postgres on Linux; Micro ORM; Fullstack class; Realistic approach) [Test #236]"
233,C#,"carter",823881,"carter [carter] (.NET; kestrel on Linux; None on Linux; Raw database connectivity, Micro class; Realistic approach) [Test #656]"
234,Kotlin,"http4k-undertow",814813,"http4k [http4k-undertow] (Undertow; None on Linux; Postgres on Linux; Raw database connectivity, Micro class; Realistic approach) [Test #773]"
235,JavaScript,"restify",800227,"restify [restify] (nodejs; None on Linux; None on Linux; Raw database connectivity, Platform class; Realistic approach) [Test #915]"
236,zig,"httpz (zig)",799434,"Httpz (Zig) [httpz] (None; None on Linux; Postgres on Linux; Raw database connectivity, Fullstack class; Realistic approach) [Test #1399]"
237,C++,"treefrog",792357,"treefrog [treefrog] (None; None on Linux; Postgres on Linux; Micro ORM; Fullstack class; Realistic approach) [Test #216]"
238,Java,"httpserver-robaho",789269,"httpserver-robaho [httpserver-robaho] (httpserver; None on Linux; None on Linux; Raw database connectivity, Platform class; Realistic approach) [Test #1397]"
239,typescript,"nestjs-fastify",778830,"nestjs [nestjs-fastify] (nodejs; None on Linux; Postgres on Linux; Full ORM; Micro class; Realistic approach) [Test #839]"
240,Kotlin,"http4k-helidon-jdbc",771130,"http4k [http4k-helidon-jdbc] (helidon; None on Linux; Postgres on Linux; Raw database connectivity, Micro class; Realistic approach) [Test #1272]"
241,Java,"wicket",763665,"wicket [wicket] (Servlet; Resin on Linux; MySQL on Linux; Full ORM; Fullstack class; Realistic approach) [Test #26]"
242,Ruby,"rage",749088,"Rage [rage] (Rack; rage-iodine on Linux; Postgres on Linux; Full ORM; Micro class; Realistic approach) [Test #1432]"
243,JavaScript,"hono",740451,"Hono [hono] (nodejs; None on Linux; None on Linux; Raw database connectivity, Micro class; Realistic approach) [Test #1390]"
244,Rust,"astra",738798,"astra [astra] (None; hyper on Linux; Postgres on Linux; Raw database connectivity, Micro class; Realistic approach) [Test #1107]"
245,C#,"aspcore-mono-mw",734362,"asp.net core [aspcore-mono-mw] (.NET; kestrel on Linux; None on Linux; Raw database connectivity, Micro class; Realistic approach) [Test #606]"
246,Haskell,"wizzardo-inline",720806,"wizzardo-inline [wizzardo-inline] (None; None on Linux; Postgres on Linux; Full ORM; Micro class; Realistic approach) [Test #991]"
247,Kotlin,"ktor-netty-r2dbc",720134,"ktor-netty-r2dbc [ktor-r2dbc] (Netty; None on Linux; Postgres on Linux; Raw database connectivity, Micro class; Realistic approach) [Test #1411]"
248,Python,"falcon",714694,"falcon [falcon] (wsgi; Meinheld on Linux; Postgres on Linux; Full ORM; Micro class; Realistic approach) [Test #164]"
249,Kotlin,"hexagon nima native postgresql",714431,"Hexagon Nima Native PostgreSQL [hexagon-helidon-native] (helidon; None on Linux; Postgres on Linux; Raw database connectivity, Micro class; Realistic approach) [Test #1268]"
250,Python,"falcon [bjoern]",707846,"Falcon [Bjoern] [falcon-bjoern] (wsgi; bjoern on Linux; Postgres on Linux; Full ORM; Micro class; Realistic approach) [Test #1124]"
251,Kotlin,"ktor",706644,"ktor [ktor] (Netty; None on Linux; Postgres on Linux; Raw database connectivity, Micro class; Realistic approach) [Test #564]"
252,Kotlin,"ktor-pgclient",701373,"ktor-pgclient [ktor-pgclient] (Netty; None on Linux; Postgres on Linux; Raw database connectivity, Micro class; Realistic approach) [Test #1156]"
253,Kotlin,"http4k-helidon-pgclient",695243,"http4k [http4k-helidon-pgclient] (helidon-pgclient; None on Linux; Postgres on Linux; Raw database connectivity, Micro class; Realistic approach) [Test #1273]"
254,Go,"go-pgx-easyjson",694578,"go-std [go-pgx-easyjson] (None; None on Linux; Postgres on Linux; Raw database connectivity, Platform class; Realistic approach) [Test #647]"
255,Swift,"hummingbirdcore",694428,"HummingbirdCore [hummingbird-core] (None; None on Linux; None on Linux; none ORM; Micro class; Realistic approach) [Test #1142]"
256,Go,"goji",693801,"Goji [goji] (None; None on Linux; MySQL on Linux; Raw database connectivity, Micro class; Realistic approach) [Test #345]"
257,Kotlin,"pellet",688387,"Pellet [pellet] (None; None on Linux; Postgres on Linux; Micro ORM; Micro class; Realistic approach) [Test #1179]"
258,Rust,"roa-core",685018,"roa [roa-core] (None; hyper on Linux; Postgres on Linux; Raw database connectivity, Micro class; Realistic approach) [Test #917]"
259,Scala,"youi",678566,"youi [youi] (Undertow; None on Linux; None on Linux; none ORM; Micro class; Realistic approach) [Test #997]"
260,Python,"fastapi [socketify.py asgi pypy3]",676460,"FastAPI [Socketify.py ASGI PyPy3] [fastapi-socketify-asgi-pypy] (asyncio; socketify.py on Linux; Postgres on Linux; Raw database connectivity, Micro class; Realistic approach) [Test #1249]"
261,Kotlin,"ktor-jasync",672007,"ktor [ktor-jasync] (None; None on Linux; Postgres on Linux; Raw database connectivity, Fullstack class; Realistic approach) [Test #813]"
262,Python,"apidaora-core",669640,"apidaora [apidaora-core] (None; None on Linux; Postgres on Linux; Raw database connectivity, Micro class; Realistic approach) [Test #592]"
263,PHP,"imi-workerman",668321,"imi-workerman [imi-workerman] (workerman; None on Linux; MySQL on Linux; Full ORM; Fullstack class; Realistic approach) [Test #1146]"
264,Java,"micronaut vertx pg client graalvm",660243,"Micronaut Vertx PG Client GraalVM [micronaut-graalvm] (Netty; netty on Linux; Postgres on Linux; Raw database connectivity, Micro class; Realistic approach) [Test #1298]"
265,Rust,"trillium [tokio]",654953,"Trillium [tokio] [trillium-tokio] (None; None on Linux; Postgres on Linux; Full ORM; Micro class; Realistic approach) [Test #1456]"
266,Rust,"trillium [async-std]",646532,"Trillium [async-std] [trillium-async-std] (None; None on Linux; Postgres on Linux; Full ORM; Micro class; Realistic approach) [Test #1455]"
267,Java,"pippo-jetty",645559,"pippo-jetty [pippo] (Jetty; None on Linux; None on Linux; Raw database connectivity, Micro class; Realistic approach) [Test #1316]"
268,Kotlin,"hexagon jetty loom postgresql",638996,"Hexagon Jetty Loom PostgreSQL [hexagon-jettyloom] (Servlet; None on Linux; Postgres on Linux; Raw database connectivity, Micro class; Realistic approach) [Test #1265]"
269,C#,"servicestack-v6",636919,"ServiceStack-V6 [servicestack-v6] (.NET; kestrel on Linux; None on Linux; Raw database connectivity, Micro class; Realistic approach) [Test #1192]"
270,Kotlin,"hexagon jetty native postgresql",626601,"Hexagon Jetty Native PostgreSQL [hexagon-jetty-native] (Servlet; None on Linux; Postgres on Linux; Raw database connectivity, Micro class; Realistic approach) [Test #1264]"
271,Rust,"trillium",620645,"Trillium [trillium] (None; None on Linux; Postgres on Linux; Full ORM; Micro class; Realistic approach) [Test #1203]"
272,Rust,"roa",619718,"roa [roa] (None; hyper on Linux; Postgres on Linux; Raw database connectivity, Micro class; Realistic approach) [Test #916]"
273,Perl,"plack",614980,"plack [plack] (Plack; nginx on Linux; MySQL on Linux; Raw database connectivity, Micro class; Realistic approach) [Test #118]"
274,Python,"falcon [socketify.py wsgi]",614922,"Falcon [socketify.py WSGI] [falcon-socketify-wsgi] (wsgi; socketify.py on Linux; Postgres on Linux; Full ORM; Micro class; Realistic approach) [Test #1242]"
275,Python,"blacksheep",611593,"blacksheep [blacksheep] (asgi; uvicorn on Linux; Postgres on Linux; Raw database connectivity, Micro class; Realistic approach) [Test #1227]"
276,PHP,"amp",610543,"amp [amp] (amp; None on Linux; MySQL on Linux; Raw database connectivity, Platform class; Realistic approach) [Test #1001]"
277,Python,"starlette",599108,"starlette [starlette] (None; None on Linux; Postgres on Linux; Raw database connectivity, Micro class; Realistic approach) [Test #945]"
278,Scala,"play2-scala-netty",597042,"play2 [play2-scala-netty] (Netty; None on Linux; None on Linux; Raw database connectivity, Fullstack class; Realistic approach) [Test #886]"
279,Go,"atreugo",596902,"atreugo [atreugo] (None; None on Linux; Postgres on Linux; Raw database connectivity, Platform class; Realistic approach) [Test #402]"
280,C++,"cutelyst",595035,"cutelyst [cutelyst] (cutelystwsgi; None on Linux; None on Linux; Raw database connectivity, Fullstack class; Realistic approach) [Test #450]"
281,Kotlin,"hexagon jetty loom pgclient",594607,"Hexagon Jetty Loom PgClient [hexagon-jettyloom-pgclient] (Servlet; None on Linux; Postgres on Linux; Raw database connectivity, Micro class; Realistic approach) [Test #1266]"
282,Go,"fasthttp",582069,"None [fasthttp] (None; None on Linux; Postgres on Linux; Raw database connectivity, Platform class; Realistic approach) [Test #400]"
283,Go,"gearbox",581454,"Gearbox [gearbox] (None; None on Linux; Postgres on Linux; Raw database connectivity, Platform class; Realistic approach) [Test #1037]"
284,Rust,"roa-tokio",579366,"roa [roa-tokio] (None; hyper on Linux; Postgres on Linux; Raw database connectivity, Micro class; Realistic approach) [Test #921]"
285,JavaScript,"koa",572932,"koa [koa] (nodejs; None on Linux; MongoDB on Linux; Raw database connectivity, Micro class; Realistic approach) [Test #355]"
286,Python,"emmett55",571303,"Emmett55 [emmett55] (rsgi; granian on Linux; Postgres on Linux; Raw database connectivity, Micro class; Realistic approach) [Test #1382]"
287,Swift,"hummingbird",570403,"Hummingbird [hummingbird] (None; None on Linux; None on Linux; none ORM; Micro class; Realistic approach) [Test #1141]"
288,Python,"emmett",566594,"emmett [emmett] (None; None on Linux; Postgres on Linux; Full ORM; Fullstack class; Realistic approach) [Test #699]"
289,Java,"grizzly-jersey",562748,"grizzly [grizzly-jersey] (JAX-RS; grizzly on Linux; MySQL on Linux; Full ORM; Micro class; Realistic approach) [Test #38]"
290,Python,"aioworkers",561873,"aioworkers [aioworkers] (None; aioworkers.net.web on Linux; Postgres on Linux; Raw database connectivity, Platform class; Realistic approach) [Test #1099]"
291,Java,"spark",559148,"spark [spark] (Servlet; Jetty on Linux; MySQL on Linux; Full ORM; Micro class; Realistic approach) [Test #71]"
292,Go,"fiber",542699,"fiber [fiber] (None; None on Linux; Postgres on Linux; Raw database connectivity, Platform class; Realistic approach) [Test #729]"
293,Python,"panther",542267,"Panther [panther] (asgi; uvicorn on Linux; Postgres on Linux; Raw database connectivity, Micro class; Realistic approach) [Test #1425]"
294,Java,"servicetalk",541267,"servicetalk [servicetalk] (servicetalk; None on Linux; None on Linux; Raw database connectivity, Micro class; Realistic approach) [Test #927]"
295,Rust,"rocket",540665,"Rocket [rocket] (Rust; hyper on Linux; Postgres on Linux; Full ORM; Fullstack class; Realistic approach) [Test #1440]"
296,Clojure,"aleph",539014,"aleph [aleph] (Netty; None on Linux; Postgres on Linux; Raw database connectivity, Micro class; Realistic approach) [Test #325]"
297,julia,"http.jl",538833,"Http.jl [http-jl] (None; http.jl on Linux; None on Linux; none ORM; none class; Realistic approach) [Test #1039]"
298,Elixir,"phoenix",536573,"Phoenix [phoenix] (beam; bandit on Linux; Postgres on Linux; Full ORM; Fullstack class; Realistic approach) [Test #365]"
299,Python,"falcon [socketify.py asgi]",533822,"Falcon [socketify.py ASGI] [falcon-socketify-asgi] (asgi; socketify.py on Linux; Postgres on Linux; Full ORM; Micro class; Realistic approach) [Test #1240]"
300,Python,"apidaora",532153,"apidaora [apidaora] (None; None on Linux; Postgres on Linux; Raw database connectivity, Micro class; Realistic approach) [Test #591]"
301,Python,"bottle",530627,"bottle [bottle] (Meinheld; None on Linux; MySQL on Linux; Full ORM; Micro class; Realistic approach) [Test #88]"
302,Go,"clevergo",517471,"CleverGo [clevergo] (None; None on Linux; MySQL on Linux; Raw database connectivity, Micro class; Realistic approach) [Test #1007]"
303,JavaScript,"hapi",516626,"hapi [hapi] (nodejs; None on Linux; MongoDB on Linux; Full ORM; Micro class; Realistic approach) [Test #175]"
304,Python,"robyn [const]",510465,"Robyn [const] [robyn-const] (None; None on Linux; None on none; Raw database connectivity, Micro class; Realistic approach) [Test #1335]"
305,f#,"suave",506399,"suave [suave] (.NET; None on Linux; None on Linux; none ORM; Micro class; Realistic approach) [Test #946]"
306,Java,"undertow",502931,"None [undertow] (Undertow; None on Linux; None on Linux; Raw database connectivity, Platform class; Realistic approach) [Test #120]"
307,Go,"chi-sjson",501595,"chi [chi-sjson] (None; None on Linux; MySQL on Linux; Raw database connectivity, Micro class; Realistic approach) [Test #664]"
308,Go,"gin",498192,"gin [gin] (None; None on Linux; MySQL on Linux; Raw database connectivity, Micro class; Realistic approach) [Test #265]"
309,Go,"chi-gojay",491323,"chi [chi-gojay] (None; None on Linux; MySQL on Linux; Raw database connectivity, Micro class; Realistic approach) [Test #660]"
310,Python,"falcon [asgi/tortoise]",490998,"Falcon [ASGI/Tortoise] [falcon-asgi] (asgi; uvicorn on Linux; Postgres on Linux; Full ORM; Micro class; Realistic approach) [Test #1238]"
311,C#,"revenj",490379,"Revenj [revenj] (None; None on Linux; Postgres on Linux; Full ORM; Fullstack class; Realistic approach) [Test #428]"
312,julia,"jewelia",477307,"Jewelia [jewelia] (None; http.jl on Linux; MySQL on Linux; Raw database connectivity, none class; Realistic approach) [Test #1155]"
313,Elixir,"elixir-plug-ecto",462959,"plug [elixir-plug-ecto] (beam; cowboy on Linux; Postgres on Linux; Full ORM; Micro class; Realistic approach) [Test #697]"
314,PHP,"php-raw7-tcp",450216,"php [php-raw7-tcp] (fpm/fastcgi; nginx on Linux; MySQL on Linux; Raw database connectivity, Platform class; Realistic approach) [Test #875]"
315,C#,"nancy-netcore",448326,"nancy [nancy-netcore] (.NET; kestrel on Linux; MySQL on Linux; Micro ORM; Micro class; Realistic approach) [Test #836]"
316,Java,"jooby",448061,"jooby [jooby] (Undertow; None on Linux; Postgres on Linux; Raw database connectivity, Fullstack class; Realistic approach) [Test #406]"
317,Go,"gin-scratch",447739,"gin [gin-scratch] (None; None on Linux; MySQL on Linux; Raw database connectivity, Micro class; Realistic approach) [Test #735]"
318,Python,"starlite",443006,"Starlite [starlite] (None; uvicorn on Linux; Postgres on Linux; Raw database connectivity, Micro class; Realistic approach) [Test #1199]"
319,Scala,"snunit",442529,"SNUnit [snunit] (unit nginx; None on Linux; None on Linux; none ORM; Micro class; Realistic approach) [Test #1447]"
320,Java,"dropwizard",431324,"dropwizard [dropwizard] (JAX-RS; Jetty on Linux; MySQL on Linux; Full ORM; Fullstack class; Realistic approach) [Test #69]"
321,Ruby,"rails-iodine",430632,"rails-iodine [rails-iodine] (Rack; iodine on Linux; Postgres on Linux; Full ORM; Fullstack class; Realistic approach) [Test #1436]"
322,PHP,"php",428452,"php [php] (fpm/fastcgi; nginx on Linux; MySQL on Linux; Raw database connectivity, Platform class; Realistic approach) [Test #11]"
323,PHP,"php-pools",427494,"php [php-pools] (fpm/fastcgi; nginx on Linux; MySQL on Linux; Raw database connectivity, Platform class; Realistic approach) [Test #874]"
324,Python,"sanic",417311,"Sanic [sanic] (None; None on Linux; Postgres on Linux; Raw database connectivity, Micro class; Realistic approach) [Test #1442]"
325,PHP,"comet",415799,"comet [comet] (workerman; None on Linux; Postgres on Linux; Raw database connectivity, Micro class; Realistic approach) [Test #1008]"
326,PHP,"php-h2o",412565,"php [php-h2o] (fpm/fastcgi; h2o on Linux; MySQL on Linux; Raw database connectivity, Platform class; Realistic approach) [Test #867]"
327,Ruby,"rack-puma-mri-sequel-raw",410586,"rack-puma-mri-sequel-raw [rack] (mri; Puma on Linux; Postgres on Linux; Raw database connectivity, Micro class; Realistic approach) [Test #1328]"
328,Clojure,"kit",403337,"Kit [kit] (Undertow; None on Linux; Postgres on Linux; Raw database connectivity, Micro class; Realistic approach) [Test #1281]"
329,Go,"chi-prefork",401513,"chi [chi-prefork] (None; None on Linux; MySQL on Linux; Raw database connectivity, Micro class; Realistic approach) [Test #662]"
330,Python,"morepath",399856,"morepath [morepath] (Meinheld; Gunicorn on Linux; Postgres on Linux; Full ORM; Micro class; Realistic approach) [Test #835]"
331,Clojure,"luminus",391717,"luminus [luminus] (Ring; None on Linux; Postgres on Linux; Raw database connectivity, Micro class; Realistic approach) [Test #125]"
332,Go,"go",388484,"go-std [go] (None; None on Linux; None on Linux; Raw database connectivity, Platform class; Realistic approach) [Test #740]"
333,Clojure,"compojure",388006,"compojure [compojure] (Servlet; Resin on Linux; MySQL on Linux; Micro ORM; Micro class; Realistic approach) [Test #2]"
334,Ruby,"rack-falcon-mri-sequel-raw",371467,"rack-falcon-mri-sequel-raw [rack-falcon] (mri; falcon on Linux; Postgres on Linux; Raw database connectivity, Micro class; Realistic approach) [Test #1329]"
335,Python,"fastapi-gunicorn-orjson",364059,"FastAPI-gunicorn-orjson [fastapi-gunicorn-orjson] (asyncio; Gunicorn on Linux; Postgres on Linux; Raw database connectivity, Micro class; Realistic approach) [Test #1244]"
336,Python,"fastapi",354899,"fastapi [fastapi] (asyncio; Gunicorn on Linux; Postgres on Linux; Raw database connectivity, Micro class; Realistic approach) [Test #711]"
337,Scala,"akka-http-slick-postgres",354747,"akka-http [akka-http-slick-postgres] (Akka; None on Linux; Postgres on Linux; Full ORM; Micro class; Realistic approach) [Test #587]"
338,Ruby,"roda-sequel",352350,"roda-sequel [roda-sequel] (Rack; Puma on Linux; MySQL on Linux; Full ORM; Micro class; Realistic approach) [Test #529]"
339,Go,"chi",352271,"chi [chi] (None; None on Linux; MySQL on Linux; Raw database connectivity, Micro class; Realistic approach) [Test #659]"
340,Go,"chi-scratch",345503,"chi [chi-scratch] (None; None on Linux; MySQL on Linux; Raw database connectivity, Micro class; Realistic approach) [Test #663]"
341,C++,"userver",345470,"userver [userver] (None; None on Linux; Postgres on Linux; Micro ORM; Fullstack class; Realistic approach) [Test #1356]"
342,Go,"webgo",344824,"webgo [webgo] (None; None on Linux; None on Linux; Raw database connectivity, Micro class; Realistic approach) [Test #25]"
343,PHP,"ubiquity",337855,"ubiquity [ubiquity] (fpm/fastcgi; nginx on Linux; MySQL on Linux; Full ORM; Fullstack class; Realistic approach) [Test #962]"
344,Python,"robyn",336682,"Robyn [robyn] (None; None on Linux; None on none; Raw database connectivity, Micro class; Realistic approach) [Test #1187]"
345,Python,"fastapi-uvicorn-orjson",330287,"FastAPI-uvicorn-orjson [fastapi-uvicorn-orjson] (asyncio; uvicorn on Linux; Postgres on Linux; Raw database connectivity, Micro class; Realistic approach) [Test #1251]"
346,Java,"spring",328412,"spring [spring] (Servlet; Undertow on Linux; Postgres on Linux; Micro ORM; Fullstack class; Realistic approach) [Test #22]"
347,Java,"play2-java-netty",323143,"play2 [play2-java-netty] (Netty; None on Linux; None on Linux; Raw database connectivity, Fullstack class; Realistic approach) [Test #290]"
348,Python,"fastapi-uvicorn",322402,"FastAPI-uvicorn [fastapi-uvicorn] (asyncio; uvicorn on Linux; Postgres on Linux; Raw database connectivity, Micro class; Realistic approach) [Test #1250]"
349,Kotlin,"http4k-ktornetty",316415,"http4k [http4k-ktornetty] (ktor; None on Linux; Postgres on Linux; Raw database connectivity, Micro class; Realistic approach) [Test #771]"
350,Python,"pyramid",314969,"pyramid [pyramid] (None; Meinheld on Linux; Postgres on Linux; Full ORM; Fullstack class; Realistic approach) [Test #233]"
351,PHP,"kumbiaphp",313484,"kumbiaphp [kumbiaphp] (fpm/fastcgi; nginx on Linux; MySQL on Linux; Micro ORM; Fullstack class; Realistic approach) [Test #816]"
352,PHP,"lumen-workerman",313181,"lumen-workerman [lumen-workerman] (workerman; None on Linux; MySQL on Linux; Full ORM; Micro class; Realistic approach) [Test #1287]"
353,PHP,"symfony-swoole",313103,"symfony-swoole [symfony-swoole] (swoole; None on Linux; Postgres on Linux; Full ORM; Fullstack class; Realistic approach) [Test #1354]"
354,Python,"aiohttp",309350,"aiohttp [aiohttp] (asyncio; Gunicorn on Linux; Postgres on Linux; Full ORM; Micro class; Realistic approach) [Test #493]"
355,cfml,"cfml-adobe",305396,"cfml-adobe [cfml-adobe] (None; None on Linux; Postgres on Linux; Raw database connectivity, Platform class; Realistic approach) [Test #1116]"
356,JavaScript,"express[postgres.js]",301213,"express[postgres.js] [express-postgresjs] (nodejs; None on Linux; Postgres on Linux; Full ORM; Micro class; Realistic approach) [Test #1383]"
357,Python,"fastapi [socketify.py asgi]",296308,"FastAPI [Socketify.py ASGI] [fastapi-socketify-asgi] (asyncio; socketify.py on Linux; Postgres on Linux; Raw database connectivity, Micro class; Realistic approach) [Test #1248]"
358,PHP,"yii2-workerman",292167,"yii2-workerman [yii2-workerman] (workerman; None on Linux; MySQL on Linux; Full ORM; Fullstack class; Realistic approach) [Test #1219]"
359,Kotlin,"hexagon tomcat postgresql",286411,"Hexagon Tomcat PostgreSQL [hexagon-tomcat] (Servlet; tomcat on Linux; Postgres on Linux; Raw database connectivity, Micro class; Realistic approach) [Test #1139]"
360,Go,"pine",285115,"Pine [pine] (None; None on Linux; None on Linux; none ORM; Micro class; Realistic approach) [Test #1428]"
361,cfml,"cfml-lucee",282763,"cfml-lucee [cfml] (None; None on Linux; Postgres on Linux; Raw database connectivity, Platform class; Realistic approach) [Test #1115]"
362,PHP,"symfony-workerman",281748,"symfony-workerman [symfony-workerman] (workerman; None on Linux; Postgres on Linux; Full ORM; Fullstack class; Realistic approach) [Test #1355]"
363,Java,"pippo-tomcat",273117,"pippo-tomcat [pippo-tomcat] (tomcat; None on Linux; None on Linux; Raw database connectivity, Micro class; Realistic approach) [Test #1320]"
364,racket,"racket",271814,"racket [racket] (racket; racket on Linux; Postgres on Linux; Raw database connectivity, Micro class; Realistic approach) [Test #902]"
365,Swift,"vapor",263364,"Vapor [vapor] (None; None on Linux; None on Linux; none ORM; Fullstack class; Realistic approach) [Test #551]"
366,PHP,"phpixie",252966,"phpixie [phpixie] (fpm/fastcgi; nginx on Linux; MySQL on Linux; Full ORM; Fullstack class; Realistic approach) [Test #877]"
367,Python,"microdot-asgi",252899,"Microdot-ASGI [microdot-raw] (None; uvicorn on Linux; Postgres on Linux; Full ORM; Micro class; Realistic approach) [Test #1291]"
368,Swift,"vapor",252209,"Vapor [vapor-swifql] (None; None on Linux; Postgres on Linux; Micro ORM; Fullstack class; Realistic approach) [Test #1462]"
369,Python,"microdot-wsgi",251738,"Microdot-WSGI [microdot] (None; uvicorn on Linux; Postgres on Linux; Full ORM; Micro class; Realistic approach) [Test #1290]"
370,zig,"zap (zig)",248818,"Zap (Zig) [zap] (None; None on Linux; Postgres on Linux; Full ORM; Fullstack class; Realistic approach) [Test #1475]"
371,ocaml,"webmachine",247327,"webmachine [webmachine] (cohttp; None on Linux; Postgres on Linux; Raw database connectivity, Micro class; Realistic approach) [Test #1089]"
372,Scala,"pekko-http",246530,"pekko-http [pekko-http] (pekko; None on Linux; MySQL on Linux; Raw database connectivity, Micro class; Realistic approach) [Test #1311]"
373,Java,"today",243459,"Today [today] (Netty; None on Linux; MySQL on Linux; Micro ORM; Fullstack class; Realistic approach) [Test #1454]"
374,PHP,"slim-workerman",239691,"slim-workerman [slim-workerman] (workerman; None on Linux; MySQL on Linux; Raw database connectivity, Micro class; Realistic approach) [Test #1343]"
375,Clojure,"duct",233657,"duct [duct] (Ring; None on Linux; Postgres on Linux; Raw database connectivity, Micro class; Realistic approach) [Test #690]"
376,PHP,"wolff",228989,"Wolff [wolff] (fpm/fastcgi; nginx on Linux; MySQL on Linux; Raw database connectivity, Fullstack class; Realistic approach) [Test #1366]"
377,Scala,"play2-scala",227276,"play2 [play2-scala] (Akka; None on Linux; None on Linux; Raw database connectivity, Fullstack class; Realistic approach) [Test #293]"
378,Python,"aioworkers",227268,"aioworkers [aioworkers-pypy] (None; aioworkers.net.web on Linux; Postgres on Linux; Raw database connectivity, Platform class; Realistic approach) [Test #1100]"
379,JavaScript,"express",224163,"express [express] (nodejs; None on Linux; None on Linux; none ORM; Micro class; Realistic approach) [Test #4]"
380,Python,"crax",222951,"Crax [crax] (None; None on Linux; Postgres on Linux; Raw database connectivity, Micro class; Realistic approach) [Test #1010]"
381,PHP,"php-unit",219795,"php [php-unit] (unit nginx; None on Linux; MySQL on Linux; Raw database connectivity, Platform class; Realistic approach) [Test #876]"
382,Ruby,"sinatra",219781,"sinatra [sinatra] (Rack; Puma on Linux; MySQL on Linux; Full ORM; Micro class; Realistic approach) [Test #313]"
383,Scala,"akka-http",216409,"akka-http [akka-http] (Akka; None on Linux; MySQL on Linux; Raw database connectivity, Micro class; Realistic approach) [Test #324]"
384,PHP,"leaf-workerman",210213,"leaf-workerman [leaf-workerman] (workerman; None on Linux; MySQL on Linux; Raw database connectivity, Micro class; Realistic approach) [Test #1286]"
385,Ruby,"rails",203337,"rails [rails] (Rack; Puma on Linux; Postgres on Linux; Full ORM; Fullstack class; Realistic approach) [Test #304]"
386,PHP,"duckphp",201618,"duckphp [duckphp] (fpm/fastcgi; nginx on Linux; MySQL on Linux; Raw database connectivity, Fullstack class; Realistic approach) [Test #1017]"
387,PHP,"php-frankenphp",200636,"PHP-frankenphp [php-franken] (frankenphp; caddy on Linux; MySQL on Linux; Raw database connectivity, Platform class; Realistic approach) [Test #1314]"
388,PHP,"leaf",199161,"leaf [leaf] (fpm/fastcgi; nginx on Linux; MySQL on Linux; Raw database connectivity, Micro class; Realistic approach) [Test #1285]"
389,PHP,"cyberphp",196150,"cyberphp [cyberphp] (workerman; None on Linux; Postgres on Linux; Raw database connectivity, Micro class; Realistic approach) [Test #1372]"
390,Ruby,"rack-unicorn-mri-sequel-raw",193228,"rack-unicorn-mri-sequel-raw [rack-unicorn] (mri; Unicorn on Linux; Postgres on Linux; Raw database connectivity, Micro class; Realistic approach) [Test #1331]"
391,typescript,"nestjs",192830,"nestjs [nestjs] (nodejs; None on Linux; Postgres on Linux; Full ORM; Micro class; Realistic approach) [Test #838]"
392,PHP,"phalcon-micro",189936,"phalcon [phalcon-micro] (fpm/fastcgi; nginx on Linux; MySQL on Linux; Raw database connectivity, Micro class; Realistic approach) [Test #864]"
393,Python,"django [socketify.py wsgi]",183424,"Django [Socketify.py WSGI] [django-socketify-wsgi] (wsgi; socketify.py on Linux; None on Linux; Raw database connectivity, Fullstack class; Realistic approach) [Test #1234]"
394,PHP,"flight",182491,"flight [flight] (fpm/fastcgi; nginx on Linux; MySQL on Linux; Raw database connectivity, Micro class; Realistic approach) [Test #1257]"
395,PHP,"mixphp",169419,"mixphp [mixphp] (fpm/fastcgi; nginx on Linux; MySQL on Linux; Micro ORM; Fullstack class; Realistic approach) [Test #1164]"
396,Python,"django",167280,"django [django] (wsgi; Meinheld on Linux; MySQL on Linux; Full ORM; Fullstack class; Realistic approach) [Test #162]"
397,JavaScript,"ringojs",166714,"None [ringojs] (Jetty; None on Linux; MySQL on Linux; Raw database connectivity, Platform class; Realistic approach) [Test #189]"
398,Scala,"http4s",160418,"http4s [http4s] (NIO2; blaze on Linux; Postgres on Linux; Raw database connectivity, Micro class; Realistic approach) [Test #349]"
399,Python,"heaven",157544,"Heaven [heaven] (None; None on Linux; Postgres on Linux; Raw database connectivity, Micro class; Realistic approach) [Test #1389]"
400,PHP,"laravel-workerman",157110,"laravel-workerman [laravel-workerman] (workerman; None on Linux; MySQL on Linux; Full ORM; Fullstack class; Realistic approach) [Test #1284]"
401,C#,"aspcore-mono-mvc",156322,"asp.net core [aspcore-mono-mvc] (.NET; kestrel on Linux; None on Linux; Raw database connectivity, Fullstack class; Realistic approach) [Test #602]"
402,Ruby,"grape-unicorn",151743,"grape [grape-unicorn] (Rack; Unicorn on Linux; MySQL on Linux; Full ORM; Micro class; Realistic approach) [Test #273]"
403,Java,"light-4j",149537,"None [light-4j] (light-4j; None on Linux; Postgres on Linux; Raw database connectivity, Platform class; Realistic approach) [Test #823]"
404,Swift,"hummingbird 2",146977,"Hummingbird 2 [hummingbird2] (None; None on Linux; None on Linux; Raw database connectivity, Micro class; Realistic approach) [Test #1400]"
405,typescript,"feathersjs",144519,"FeathersJS [feathersjs] (None; None on Linux; Postgres on Linux; Full ORM; Fullstack class; Realistic approach) [Test #1129]"
406,Ruby,"rails-falcon",143399,"rails-falcon [rails-falcon] (Rack; falcon on Linux; Postgres on Linux; Full ORM; Fullstack class; Realistic approach) [Test #1435]"
407,C++,"just-boost",137902,"just-boost [just-boost] (None; None on Linux; Postgres on Linux; Raw database connectivity, Micro class; Realistic approach) [Test #1402]"
408,PHP,"lumen-laravel-s",136492,"Lumen [lumen-laravel-s] (swoole; None on Linux; MySQL on Linux; Full ORM; Micro class; Realistic approach) [Test #827]"
409,C#,"sisk framework",135990,"Sisk Framework [sisk] (.NET; httplistener on Linux; None on Linux; Raw database connectivity, Micro class; Realistic approach) [Test #1445]"
410,Python,"routerling",134533,"uvicorn [routerling] (None; None on Linux; Postgres on Linux; Raw database connectivity, Platform class; Realistic approach) [Test #975]"
411,Ruby,"grape",134184,"grape [grape] (Rack; Puma on Linux; MySQL on Linux; Full ORM; Micro class; Realistic approach) [Test #269]"
412,PHP,"fat-free",133952,"Fat Free [fat-free] (fpm/fastcgi; nginx on Linux; MySQL on Linux; Full ORM; Fullstack class; Realistic approach) [Test #261]"
413,Clojure,"duct-aleph",133882,"duct [duct-aleph] (Netty; None on Linux; Postgres on Linux; Raw database connectivity, Micro class; Realistic approach) [Test #691]"
414,Java,"pippo-undertow",133867,"pippo-undertow [pippo-undertow] (Undertow; None on Linux; None on Linux; Raw database connectivity, Micro class; Realistic approach) [Test #1324]"
415,PHP,"yii2",131434,"yii2 [yii2] (fpm/fastcgi; nginx on Linux; MySQL on Linux; Full ORM; Fullstack class; Realistic approach) [Test #323]"
416,Java,"play2-java",129241,"play2 [play2-java] (Akka; None on Linux; None on Linux; Raw database connectivity, Fullstack class; Realistic approach) [Test #880]"
417,PHP,"mako",128998,"mako [mako] (fpm/fastcgi; nginx on Linux; MySQL on Linux; Full ORM; Fullstack class; Realistic approach) [Test #1289]"
418,PHP,"symfony-frankenphp",128101,"symfony-frankenphp [symfony-franken] (frankenphp; caddy on Linux; Postgres on Linux; Full ORM; Fullstack class; Realistic approach) [Test #1352]"
419,JavaScript,"0http",117479,"0http [0http] (nodejs; None on Linux; None on Linux; Raw database connectivity, Platform class; Realistic approach) [Test #570]"
420,Java,"minijax",116243,"minijax [minijax] (JAX-RS; Undertow on Linux; MySQL on Linux; Full ORM; Fullstack class; Realistic approach) [Test #833]"
421,Dart,"angel3",114048,"Angel3 [angel3] (angel3; None on Linux; Postgres on Linux; Micro ORM; Fullstack class; Realistic approach) [Test #1101]"
422,PHP,"lumen-swoole",112627,"lumen-swoole [lumen-swoole] (swoole; None on Linux; MySQL on Linux; Full ORM; Micro class; Realistic approach) [Test #1051]"
423,Scala,"cask",110014,"cask [cask] (Undertow; None on Linux; None on Linux; none ORM; Micro class; Realistic approach) [Test #657]"
424,JavaScript,"ringojs-convenient",105515,"ringo [ringojs-convenient] (RingoJs; None on Linux; MySQL on Linux; Micro ORM; Micro class; Realistic approach) [Test #190]"
425,Java,"jawn",104340,"jawn [jawn] (Undertow; None on Linux; Postgres on Linux; Raw database connectivity, Fullstack class; Realistic approach) [Test #352]"
426,Python,"tornado-py3",100139,"None [tornado-py3] (None; Tornado on Linux; MongoDB on Linux; Raw database connectivity, Platform class; Realistic approach) [Test #957]"
427,Kotlin,"ktor-cio",95957,"ktor [ktor-cio] (ktor; None on Linux; Postgres on Linux; Raw database connectivity, Micro class; Realistic approach) [Test #812]"
428,Clojure,"duct-httpkit",95101,"duct [duct-httpkit] (Ring; None on Linux; Postgres on Linux; Raw database connectivity, Micro class; Realistic approach) [Test #692]"
429,PHP,"php-caddyserver",94253,"PHP-caddyserver [php-caddy] (fpm/fastcgi; caddy on Linux; MySQL on Linux; Raw database connectivity, Platform class; Realistic approach) [Test #1313]"
430,Python,"tornado",93798,"None [tornado] (None; Tornado on Linux; MongoDB on Linux; Raw database connectivity, Platform class; Realistic approach) [Test #52]"
431,PHP,"laravel-laravel-s",93603,"laravel [laravel-laravel-s] (swoole; None on Linux; MySQL on Linux; Full ORM; Fullstack class; Realistic approach) [Test #820]"
432,Go,"martini",91367,"martini [martini] (None; None on Linux; Postgres on Linux; Raw database connectivity, Micro class; Realistic approach) [Test #830]"
433,Perl,"kelp-starlet-mongodb",87982,"kelp [kelp-starlet-mongodb] (Plack; starlet on Linux; MongoDB on Linux; Raw database connectivity, Fullstack class; Realistic approach) [Test #1405]"
434,PHP,"phalcon",87675,"phalcon [phalcon] (fpm/fastcgi; nginx on Linux; MySQL on Linux; Raw database connectivity, Fullstack class; Realistic approach) [Test #72]"
435,PHP,"slim",87348,"slim [slim] (fpm/fastcgi; nginx on Linux; MySQL on Linux; Raw database connectivity, Micro class; Realistic approach) [Test #68]"
436,Ruby,"rack-puma-jruby-sequel-raw",86121,"rack-puma-jruby-sequel-raw [rack-jruby] (jruby; Puma on Linux; Postgres on Linux; Raw database connectivity, Micro class; Realistic approach) [Test #1330]"
437,Java,"magician-io",85879,"magician-io [magician] (magician; None on Linux; None on Linux; none ORM; Platform class; Realistic approach) [Test #1159]"
438,Perl,"kelp-starlet-mysql",85681,"kelp [kelp-starlet-mysql] (Plack; starlet on Linux; MySQL on Linux; Raw database connectivity, Fullstack class; Realistic approach) [Test #1406]"
439,Python,"bareasgi",85148,"bareASGI [bareasgi] (asyncio; hypercorn on Linux; Postgres on Linux; Raw database connectivity, Micro class; Realistic approach) [Test #1226]"
440,PHP,"laravel-swoole",83940,"laravel-swoole [laravel-swoole] (swoole; None on Linux; MySQL on Linux; Full ORM; Fullstack class; Realistic approach) [Test #1047]"
441,Rust,"xitca-web [wasm]",80377,"xitca-web [wasm] [xitca-web-wasm] (None; xitca-server on Linux; None on Linux; Raw database connectivity, Micro class; Realistic approach) [Test #1367]"
442,Clojure,"pedestal",79743,"pedestal [pedestal] (Jetty; None on Linux; MySQL on Linux; Micro ORM; Micro class; Realistic approach) [Test #364]"
443,Ruby,"padrino-unicorn",74943,"padrino [padrino-unicorn] (Rack; Unicorn on Linux; MySQL on Linux; Full ORM; Micro class; Realistic approach) [Test #287]"
444,Ruby,"hanami",74574,"hanami [hanami] (Rack; Puma on Linux; Postgres on Linux; Full ORM; Fullstack class; Realistic approach) [Test #1388]"
445,Crystal,"onyx",73450,"onyx [onyx] (None; None on Linux; Postgres on Linux; Full ORM; Fullstack class; Realistic approach) [Test #859]"
446,PHP,"symfony-roadrunner",71213,"symfony-roadrunner [symfony-roadrunner] (roadrunner; None on Linux; Postgres on Linux; Full ORM; Fullstack class; Realistic approach) [Test #1452]"
447,Java,"officefloor",70833,"officefloor [officefloor] (officefloor; woof on Linux; Postgres on Linux; Full ORM; Fullstack class; Realistic approach) [Test #414]"
448,Java,"officefloor-micro",70128,"officefloor [officefloor-micro] (officefloor; woof on Linux; Postgres on Linux; Raw database connectivity, Fullstack class; Realistic approach) [Test #857]"
449,zig,"zinc",66887,"Zinc [zinc] (None; None on Linux; None on Linux; none ORM; Fullstack class; Realistic approach) [Test #1476]"
450,Python,"falcon [pypy3]",65758,"Falcon [Pypy3] [falcon-pypy3] (wsgi; Gunicorn on Linux; Postgres on Linux; Full ORM; Micro class; Realistic approach) [Test #1126]"
451,Perl,"kelp-gazelle-mongodb",64959,"kelp [kelp-gazelle-mongodb] (Plack; gazelle on Linux; MongoDB on Linux; Raw database connectivity, Fullstack class; Realistic approach) [Test #1404]"
452,Kotlin,"http4k-helidon-graalvm",63629,"http4k [http4k-helidon-graalvm] (graalvm; None on Linux; Postgres on Linux; Raw database connectivity, Micro class; Realistic approach) [Test #1393]"
453,PHP,"symfony",63237,"symfony [symfony] (fpm/fastcgi; nginx on Linux; Postgres on Linux; Full ORM; Fullstack class; Realistic approach) [Test #951]"
454,Java,"curacao",61468,"curacao [curacao] (Servlet; None on Linux; None on Linux; Raw database connectivity, Micro class; Realistic approach) [Test #258]"
455,Java,"officefloor-vertx",60272,"OfficeFloor-vertx [officefloor-vertx] (officefloor; vertx on Linux; Postgres on Linux; Full ORM; Fullstack class; Realistic approach) [Test #1174]"
456,Groovy,"hot",59713,"Hot [hot] (Jetty; Jetty on Linux; None on Linux; Raw database connectivity, Platform class; Realistic approach) [Test #511]"
457,Java,"tio-server",59166,"tio-server [tio-server] (t-io; None on Linux; MySQL on Linux; Raw database connectivity, Micro class; Realistic approach) [Test #1453]"
458,Perl,"web-simple",57967,"web-simple [web-simple] (Plack; starman on Linux; MySQL on Linux; Raw database connectivity, Micro class; Realistic approach) [Test #1466]"
459,C#,"beetlex",57852,"beetlex [beetlex] (.NET; beetlex on Linux; Postgres on Linux; Raw database connectivity, Fullstack class; Realistic approach) [Test #651]"
460,Perl,"mojolicious",57770,"mojolicious [mojolicious] (None; Hypnotoad on Linux; Postgres on Linux; Raw database connectivity, Fullstack class; Realistic approach) [Test #80]"
461,Java,"bayou",57559,"None [bayou] (Bayou; None on Linux; None on Linux; Raw database connectivity, Platform class; Realistic approach) [Test #447]"
462,Perl,"kelp",57346,"kelp [kelp] (Plack; gazelle on Linux; MySQL on Linux; Raw database connectivity, Fullstack class; Realistic approach) [Test #1403]"
463,PHP,"laravel-octane [frankenphp]",56624,"laravel-octane [frankenphp] [laravel-octane-frankenphp] (frankenphp; caddy on Linux; MySQL on Linux; Full ORM; Fullstack class; Realistic approach) [Test #1412]"
464,Java,"officefloor-spring_data",55138,"officefloor [officefloor-spring_data] (officefloor; woof on Linux; Postgres on Linux; Full ORM; Fullstack class; Realistic approach) [Test #856]"
465,Perl,"kelp-starman-mongodb",54647,"kelp [kelp-starman-mongodb] (Plack; starman on Linux; MongoDB on Linux; Raw database connectivity, Fullstack class; Realistic approach) [Test #1407]"
466,Perl,"kelp-starman-mysql",54321,"kelp [kelp-starman-mysql] (Plack; starman on Linux; MySQL on Linux; Raw database connectivity, Fullstack class; Realistic approach) [Test #1408]"
467,ocaml,"dream",53816,"Dream [dream] (http/af; None on Linux; Postgres on Linux; Micro ORM; Fullstack class; Realistic approach) [Test #1378]"
468,Java,"tio-mvc",50115,"tio-mvc [tio-mvc] (t-io; None on Linux; None on Linux; Raw database connectivity, Micro class; Realistic approach) [Test #956]"
469,PHP,"fuel",47786,"fuel [fuel] (fpm/fastcgi; nginx on Linux; MySQL on Linux; Raw database connectivity, Micro class; Realistic approach) [Test #67]"
470,julia,"oxygen.jl",47216,"Oxygen.jl [oxygen] (None; oxygen.jl on Linux; None on Linux; none ORM; none class; Realistic approach) [Test #1424]"
471,Perl,"dancer",47094,"dancer [dancer] (Plack; starman on Linux; MySQL on Linux; Raw database connectivity, Fullstack class; Realistic approach) [Test #1373]"
472,Java,"play1",46013,"play1 [play1] (Netty; None on Linux; MySQL on Linux; Full ORM; Fullstack class; Realistic approach) [Test #65]"
473,PHP,"nette",40703,"Nette [nette] (fpm/fastcgi; nginx on Linux; MySQL on Linux; Full ORM; Fullstack class; Realistic approach) [Test #1307]"
474,Kotlin,"ktor-jetty",40437,"ktor [ktor-jetty] (Jetty; None on Linux; Postgres on Linux; Raw database connectivity, Micro class; Realistic approach) [Test #814]"
475,PHP,"lumen",39700,"Lumen [lumen] (fpm/fastcgi; nginx on Linux; MySQL on Linux; Full ORM; Micro class; Realistic approach) [Test #359]"
476,PHP,"reactphp",38595,"reactphp [reactphp] (reactphp; None on Linux; MySQL on Linux; Raw database connectivity, Platform class; Realistic approach) [Test #1183]"
477,PHP,"spiral",35452,"spiral [spiral] (roadrunner; None on Linux; MySQL on Linux; Full ORM; Fullstack class; Realistic approach) [Test #936]"
478,Perl,"kelp-twiggy-mongodb",35282,"kelp [kelp-twiggy-mongodb] (Plack; twiggy on Linux; MongoDB on Linux; Raw database connectivity, Fullstack class; Realistic approach) [Test #1409]"
479,PHP,"reactphp [libuv]",34934,"reactphp [libuv] [reactphp-libuv] (reactphp; None on Linux; MySQL on Linux; Raw database connectivity, Platform class; Realistic approach) [Test #1437]"
480,Java,"officefloor-async",34657,"officefloor [officefloor-async] (officefloor; woof on Linux; Postgres on Linux; Raw database connectivity, Fullstack class; Realistic approach) [Test #853]"
481,prolog,"tuprolog",32038,"tuProlog [tuprolog] (None; vert.x on Linux; None on Linux; Raw database connectivity, none class; Realistic approach) [Test #1204]"
482,Java,"ninja-standalone",28346,"ninja [ninja-standalone] (Jetty; None on Linux; MySQL on Linux; Full ORM; Fullstack class; Realistic approach) [Test #240]"
483,PHP,"laravel",26901,"laravel [laravel] (fpm/fastcgi; nginx on Linux; MySQL on Linux; Full ORM; Fullstack class; Realistic approach) [Test #59]"
484,cfml,"coldbox-adobe",25624,"coldbox-adobe [coldbox-adobe] (None; None on Linux; Postgres on Linux; Raw database connectivity, Fullstack class; Realistic approach) [Test #1118]"
485,PHP,"zend",25521,"Zend [zend] (fpm/fastcgi; nginx on Linux; MySQL on Linux; Full ORM; Fullstack class; Realistic approach) [Test #253]"
486,Dart,"dia",25033,"Dia [dia] (None; None on Linux; None on Linux; none ORM; Micro class; Realistic approach) [Test #1122]"
487,Perl,"kelp-twiggy-mysql",23535,"kelp [kelp-twiggy-mysql] (Plack; twiggy on Linux; MySQL on Linux; Raw database connectivity, Fullstack class; Realistic approach) [Test #1410]"
488,cfml,"coldbox-lucee",22453,"coldbox-lucee [coldbox] (None; None on Linux; Postgres on Linux; Raw database connectivity, Fullstack class; Realistic approach) [Test #1117]"
489,D,"archttp",22239,"Archttp [archttp] (archttp; None on Linux; None on Linux; Raw database connectivity, Platform class; Realistic approach) [Test #1224]"
490,C#,"nancy",20305,"nancy [nancy] (.NET; kestrel on Linux; MySQL on Linux; Micro ORM; Micro class; Realistic approach) [Test #141]"
491,PHP,"codeigniter",19901,"codeigniter [codeigniter] (fpm/fastcgi; nginx on Linux; MySQL on Linux; Raw database connectivity, Fullstack class; Realistic approach) [Test #55]"
492,PHP,"cakephp",19204,"cakephp [cakephp] (fpm/fastcgi; nginx on Linux; MySQL on Linux; Full ORM; Fullstack class; Realistic approach) [Test #257]"
493,JavaScript,"hapi-nginx",19026,"hapi [hapi-nginx] (nodejs; nginx on Linux; Postgres on Linux; Full ORM; Micro class; Realistic approach) [Test #763]"
494,C++,"cppcms",17470,"None [cppcms] (None; None on Linux; MySQL on Linux; Raw database connectivity, Platform class; Realistic approach) [Test #671]"
495,PHP,"laravel-roadrunner",15469,"laravel-roadrunner [laravel-roadrunner] (roadrunner; None on Linux; MySQL on Linux; Full ORM; Fullstack class; Realistic approach) [Test #1157]"
496,C#,"embedio",12658,"EmbedIO [embedio] (.NET; embedio on Linux; None on Linux; Raw database connectivity, Fullstack class; Realistic approach) [Test #1020]"
497,Crystal,"spider-gazelle",12358,"spider-gazelle [spider-gazelle] (None; None on Linux; Postgres on Linux; Full ORM; Fullstack class; Realistic approach) [Test #935]"
498,Crystal,"toro",12345,"toro [toro] (None; None on Linux; Postgres on Linux; Raw database connectivity, Micro class; Realistic approach) [Test #960]"
499,C++,"paozhu",12301,"paozhu [paozhu] (None; None on Linux; MySQL on Linux; Micro ORM; Fullstack class; Realistic approach) [Test #1426]"
500,Java,"tapestry",12248,"tapestry [tapestry] (Servlet; Resin on Linux; MySQL on Linux; Full ORM; Fullstack class; Realistic approach) [Test #23]"
501,C#,"tetsuweb",12192,"tetsu [tetsuweb] (.NET; tetsu on Linux; None on Linux; Raw database connectivity, Micro class; Realistic approach) [Test #954]"
502,Python,"fastapi-hypercorn-orjson",11998,"FastAPI-hypercorn-orjson [fastapi-hypercorn-orjson] (asyncio; hypercorn on Linux; Postgres on Linux; Raw database connectivity, Micro class; Realistic approach) [Test #1247]"
503,Python,"fastapi-hypercorn",11995,"FastAPI-hypercorn [fastapi-hypercorn] (asyncio; hypercorn on Linux; Postgres on Linux; Raw database connectivity, Micro class; Realistic approach) [Test #1246]"
504,Groovy,"grails",11953,"grails [grails] (Servlet; None on Linux; MySQL on Linux; Full ORM; Fullstack class; Realistic approach) [Test #7]"
505,Java,"nanohttpd",11727,"None [nanohttpd] (None; None on Linux; None on Linux; Raw database connectivity, Platform class; Realistic approach) [Test #837]"
506,prolog,"swi-prolog",11673,"SWI-Prolog [swi-prolog] (None; swi-prolog on Linux; Postgres on Linux; Raw database connectivity, none class; Realistic approach) [Test #1079]"
507,D,"collie-ldc",11028,"Collie [collie-ldc] (Collie; None on Linux; None on Linux; Raw database connectivity, Platform class; Realistic approach) [Test #668]"
508,Kotlin,"http4k-sunhttploom",10724,"http4k-sunhttploom [http4k-sunhttploom] (sunhttp; None on Linux; Postgres on Linux; Raw database connectivity, Micro class; Realistic approach) [Test #1276]"
509,Kotlin,"http4k",10677,"http4k [http4k] (sunhttp; None on Linux; Postgres on Linux; Raw database connectivity, Micro class; Realistic approach) [Test #769]"
510,Ruby,"padrino",10550,"padrino [padrino] (Rack; Puma on Linux; MySQL on Linux; Full ORM; Micro class; Realistic approach) [Test #283]"
511,D,"collie",10438,"Collie [collie] (Collie; None on Linux; None on Linux; Raw database connectivity, Platform class; Realistic approach) [Test #558]"
512,Java,"officefloor-undertow",10300,"OfficeFloor-undertow [officefloor-undertow] (officefloor; Undertow on Linux; Postgres on Linux; Full ORM; Fullstack class; Realistic approach) [Test #1061]"
513,Haskell,"integrated haskell platfrom (ihp)",10162,"Integrated Haskell Platfrom (IHP) [ihp] (Wai; wai on Linux; Postgres on Linux; Full ORM; Fullstack class; Realistic approach) [Test #1280]"
514,Java,"martian-mvc",9735,"martian-mvc [martian] (martian; None on Linux; None on Linux; none ORM; Platform class; Realistic approach) [Test #1161]"
515,Clojure,"http-kit",9275,"None [http-kit] (Ring; None on Linux; MySQL on Linux; Micro ORM; Platform class; Realistic approach) [Test #36]"
516,vala,"vsgi",8318,"vsgi [vsgi] (glib; soup on Linux; MySQL on Linux; Raw database connectivity, Platform class; Realistic approach) [Test #984]"
517,Kotlin,"http4k-graalvm",8122,"http4k [http4k-graalvm] (graalvm; None on Linux; Postgres on Linux; Raw database connectivity, Micro class; Realistic approach) [Test #1271]"
518,vala,"valum",7719,"valum [valum] (glib; soup on Linux; MySQL on Linux; Raw database connectivity, Micro class; Realistic approach) [Test #976]"
519,Java,"officefloor-netty",7543,"officefloor [officefloor-netty] (officefloor; netty on Linux; Postgres on Linux; Full ORM; Fullstack class; Realistic approach) [Test #854]"
520,Java,"httpserver",6427,"None [httpserver] (httpserver; None on Linux; None on Linux; Raw database connectivity, Platform class; Realistic approach) [Test #775]"
521,PHP,"cakephp-workerman",5692,"CakePHP-workerman [cakephp-workerman] (workerman; None on Linux; MySQL on Linux; Full ORM; Fullstack class; Realistic approach) [Test #1229]"
522,Python,"async-worker",3846,"async-worker [async-worker] (asyncio; None on Linux; None on none; Raw database connectivity, Micro class; Realistic approach) [Test #1108]"
523,Python,"falcon [waitress]",1448,"Falcon [Waitress] [falcon-waitress] (wsgi; waitress on Linux; Postgres on Linux; Full ORM; Micro class; Realistic approach) [Test #1127]"
524,typescript,"next.js",1219,"Next.js [nextjs] (nodejs; None on Linux; Postgres on Linux; Micro ORM; Platform class; Realistic approach) [Test #1418]"
525,r,"plumber",885,"Plumber [plumber] (None; None on Linux; Postgres on Linux; Raw database connectivity, Fullstack class; Realistic approach) [Test #1181]"
526,Python,"cherrypy-py3",289,"None [cherrypy-py3] (None; None on Linux; MySQL on Linux; Full ORM; Micro class; Realistic approach) [Test #331]"
527,Java,"isocket-nio",1,"isocket-nio [isocket-nio] (isocket-nio; None on Linux; None on Linux; Raw database connectivity, Platform class; Realistic approach) [Test #1152]"
